Copyright 1986-2020 Xilinx, Inc. All Rights Reserved.
-------------------------------------------------------------------------------------------------------------------------------------------------------------------------------------
| Tool Version : Vivado v.2020.2 (lin64) Build 3064766 Wed Nov 18 09:12:47 MST 2020
| Date         : Tue Apr 14 01:29:33 2026
| Host         : dillibabus-laptop running 64-bit Ubuntu 20.04.6 LTS
| Command      : report_timing_summary -file reports.impl/timing_summary.rpt
| Design       : croc_cw305
| Device       : 7a35t-ftg256
| Speed File   : -2  PRODUCTION 1.23 2018-06-13
-------------------------------------------------------------------------------------------------------------------------------------------------------------------------------------

Timing Summary Report

------------------------------------------------------------------------------------------------
| Timer Settings
| --------------
------------------------------------------------------------------------------------------------

  Enable Multi Corner Analysis               :  Yes
  Enable Pessimism Removal                   :  Yes
  Pessimism Removal Resolution               :  Nearest Common Node
  Enable Input Delay Default Clock           :  No
  Enable Preset / Clear Arcs                 :  No
  Disable Flight Delays                      :  No
  Ignore I/O Paths                           :  No
  Timing Early Launch at Borrowing Latches   :  No
  Borrow Time for Max Delay Exceptions       :  Yes
  Merge Timing Exceptions                    :  Yes

  Corner  Analyze    Analyze    
  Name    Max Paths  Min Paths  
  ------  ---------  ---------  
  Slow    Yes        Yes        
  Fast    Yes        Yes        



check_timing report

Table of Contents
-----------------
1. checking no_clock (0)
2. checking constant_clock (0)
3. checking pulse_width_clock (0)
4. checking unconstrained_internal_endpoints (0)
5. checking no_input_delay (5)
6. checking no_output_delay (12)
7. checking multiple_clock (0)
8. checking generated_clocks (0)
9. checking loops (0)
10. checking partial_input_delay (0)
11. checking partial_output_delay (0)
12. checking latch_loops (0)

1. checking no_clock (0)
------------------------
 There are 0 register/latch pins with no clock.


2. checking constant_clock (0)
------------------------------
 There are 0 register/latch pins with constant_clock.


3. checking pulse_width_clock (0)
---------------------------------
 There are 0 register/latch pins which need pulse_width check


4. checking unconstrained_internal_endpoints (0)
------------------------------------------------
 There are 0 pins that are not constrained for maximum delay.

 There are 0 pins that are not constrained for maximum delay due to constant clock.


5. checking no_input_delay (5)
------------------------------
 There are 0 input ports with no input delay specified.

 There are 5 input ports with no input delay but user has a false path constraint. (MEDIUM)


6. checking no_output_delay (12)
--------------------------------
 There are 0 ports with no output delay specified.

 There are 12 ports with no output delay but user has a false path constraint (MEDIUM)

 There are 0 ports with no output delay but with a timing clock defined on it or propagating through it


7. checking multiple_clock (0)
------------------------------
 There are 0 register/latch pins with multiple clocks.


8. checking generated_clocks (0)
--------------------------------
 There are 0 generated clocks that are not connected to a clock source.


9. checking loops (0)
---------------------
 There are 0 combinational loops in the design.


10. checking partial_input_delay (0)
------------------------------------
 There are 0 input ports with partial input delay specified.


11. checking partial_output_delay (0)
-------------------------------------
 There are 0 ports with partial output delay specified.


12. checking latch_loops (0)
----------------------------
 There are 0 combinational latch loops in the design through latch input



------------------------------------------------------------------------------------------------
| Design Timing Summary
| ---------------------
------------------------------------------------------------------------------------------------

    WNS(ns)      TNS(ns)  TNS Failing Endpoints  TNS Total Endpoints      WHS(ns)      THS(ns)  THS Failing Endpoints  THS Total Endpoints     WPWS(ns)     TPWS(ns)  TPWS Failing Endpoints  TPWS Total Endpoints  
    -------      -------  ---------------------  -------------------      -------      -------  ---------------------  -------------------     --------     --------  ----------------------  --------------------  
      2.348        0.000                      0                12611        0.104        0.000                      0                12611        4.500        0.000                       0                  4798  


All user specified timing constraints are met.


------------------------------------------------------------------------------------------------
| Clock Summary
| -------------
------------------------------------------------------------------------------------------------

Clock      Waveform(ns)         Period(ns)      Frequency(MHz)
-----      ------------         ----------      --------------
jtag_tck   {0.000 50.000}       100.000         10.000          
pll_clk1   {0.000 25.000}       50.000          20.000          
tio_clkin  {0.000 25.000}       50.000          20.000          
usb_clk    {0.000 5.000}        10.000          100.000         


------------------------------------------------------------------------------------------------
| Intra Clock Table
| -----------------
------------------------------------------------------------------------------------------------

Clock             WNS(ns)      TNS(ns)  TNS Failing Endpoints  TNS Total Endpoints      WHS(ns)      THS(ns)  THS Failing Endpoints  THS Total Endpoints     WPWS(ns)     TPWS(ns)  TPWS Failing Endpoints  TPWS Total Endpoints  
-----             -------      -------  ---------------------  -------------------      -------      -------  ---------------------  -------------------     --------     --------  ----------------------  --------------------  
jtag_tck           17.822        0.000                      0                  489        0.116        0.000                      0                  489       49.500        0.000                       0                   320  
pll_clk1            9.919        0.000                      0                 7652        0.104        0.000                      0                 7652       24.500        0.000                       0                  4092  
tio_clkin           9.919        0.000                      0                 7520        0.104        0.000                      0                 7520       24.500        0.000                       0                  4092  
usb_clk             2.348        0.000                      0                  481        0.120        0.000                      0                  481        4.500        0.000                       0                   385  


------------------------------------------------------------------------------------------------
| Inter Clock Table
| -----------------
------------------------------------------------------------------------------------------------

From Clock    To Clock          WNS(ns)      TNS(ns)  TNS Failing Endpoints  TNS Total Endpoints      WHS(ns)      THS(ns)  THS Failing Endpoints  THS Total Endpoints  
----------    --------          -------      -------  ---------------------  -------------------      -------      -------  ---------------------  -------------------  


------------------------------------------------------------------------------------------------
| Other Path Groups Table
| -----------------------
------------------------------------------------------------------------------------------------

Path Group         From Clock         To Clock               WNS(ns)      TNS(ns)  TNS Failing Endpoints  TNS Total Endpoints      WHS(ns)      THS(ns)  THS Failing Endpoints  THS Total Endpoints  
----------         ----------         --------               -------      -------  ---------------------  -------------------      -------      -------  ---------------------  -------------------  
**async_default**  pll_clk1           pll_clk1                35.460        0.000                      0                 3989        0.785        0.000                      0                 3989  
**async_default**  tio_clkin          tio_clkin               35.460        0.000                      0                 3989        0.785        0.000                      0                 3989  


------------------------------------------------------------------------------------------------
| Timing Details
| --------------
------------------------------------------------------------------------------------------------


---------------------------------------------------------------------------------------------------
From Clock:  jtag_tck
  To Clock:  jtag_tck

Setup :            0  Failing Endpoints,  Worst Slack       17.822ns,  Total Violation        0.000ns
Hold  :            0  Failing Endpoints,  Worst Slack        0.116ns,  Total Violation        0.000ns
PW    :            0  Failing Endpoints,  Worst Slack       49.500ns,  Total Violation        0.000ns
---------------------------------------------------------------------------------------------------


Max Delay Paths
--------------------------------------------------------------------------------------
Slack (MET) :             17.822ns  (required time - arrival time)
  Source:                 i_croc_soc/i_croc/i_dmi_jtag/i_dmi_jtag_tap/td_o_reg/C
                            (rising edge-triggered cell FDCE clocked by jtag_tck'  {rise@0.000ns fall@50.000ns period=100.000ns})
  Destination:            jtag_tdo_o
                            (output port clocked by jtag_tck  {rise@0.000ns fall@50.000ns period=100.000ns})
  Path Group:             jtag_tck
  Path Type:              Max at Slow Process Corner
  Requirement:            50.000ns  (jtag_tck rise@100.000ns - jtag_tck fall@50.000ns)
  Data Path Delay:        6.486ns  (logic 3.707ns (57.149%)  route 2.779ns (42.851%))
  Logic Levels:           1  (OBUF=1)
  Output Delay:           20.000ns
  Clock Path Skew:        -5.657ns (DCD - SCD + CPR)
    Destination Clock Delay (DCD):    0.000ns = ( 100.000 - 100.000 ) 
    Source Clock Delay      (SCD):    5.657ns = ( 55.657 - 50.000 ) 
    Clock Pessimism Removal (CPR):    0.000ns
  Clock Uncertainty:      0.035ns  ((TSJ^2 + TIJ^2)^1/2 + DJ) / 2 + PE
    Total System Jitter     (TSJ):    0.071ns
    Total Input Jitter      (TIJ):    0.000ns
    Discrete Jitter          (DJ):    0.000ns
    Phase Error              (PE):    0.000ns

    Location             Delay type                Incr(ns)  Path(ns)    Netlist Resource(s)
  -------------------------------------------------------------------    -------------------
                         (clock jtag_tck fall edge)
                                                     50.000    50.000 f  
    A13                                               0.000    50.000 f  jtag_tck_i (IN)
                         net (fo=0)                   0.000    50.000    jtag_tck_i
    A13                  IBUF (Prop_ibuf_I_O)         1.443    51.443 f  jtag_tck_i_IBUF_inst/O
                         net (fo=3, routed)           1.883    53.325    i_croc_soc/i_croc/i_dmi_jtag/i_dmi_jtag_tap/i_dft_tck_mux/jtag_tck_i_IBUF
    SLICE_X35Y46         LUT1 (Prop_lut1_I0_O)        0.105    53.430 r  i_croc_soc/i_croc/i_dmi_jtag/i_dmi_jtag_tap/i_dft_tck_mux/i_BUFGMUX_i_1/O
                         net (fo=1, routed)           0.575    54.006    i_croc_soc/i_croc/i_dmi_jtag/i_dmi_jtag_tap/i_dft_tck_mux/tck_ni
    BUFGCTRL_X0Y3        BUFGCTRL (Prop_bufgctrl_I0_O)
                                                      0.081    54.087 r  i_croc_soc/i_croc/i_dmi_jtag/i_dmi_jtag_tap/i_dft_tck_mux/i_BUFGMUX/O
                         net (fo=1, routed)           1.570    55.657    i_croc_soc/i_croc/i_dmi_jtag/i_dmi_jtag_tap/tck_n
    SLICE_X4Y126         FDCE                                         r  i_croc_soc/i_croc/i_dmi_jtag/i_dmi_jtag_tap/td_o_reg/C
  -------------------------------------------------------------------    -------------------
    SLICE_X4Y126         FDCE (Prop_fdce_C_Q)         0.379    56.036 r  i_croc_soc/i_croc/i_dmi_jtag/i_dmi_jtag_tap/td_o_reg/Q
                         net (fo=1, routed)           2.779    58.815    jtag_tdo_o_OBUF
    C11                  OBUF (Prop_obuf_I_O)         3.328    62.143 r  jtag_tdo_o_OBUF_inst/O
                         net (fo=0)                   0.000    62.143    jtag_tdo_o
    C11                                                               r  jtag_tdo_o (OUT)
  -------------------------------------------------------------------    -------------------

                         (clock jtag_tck rise edge)
                                                    100.000   100.000 r  
                         clock pessimism              0.000   100.000    
                         clock uncertainty           -0.035    99.965    
                         output delay               -20.000    79.965    
  -------------------------------------------------------------------
                         required time                         79.965    
                         arrival time                         -62.143    
  -------------------------------------------------------------------
                         slack                                 17.822    





Min Delay Paths
--------------------------------------------------------------------------------------
Slack (MET) :             0.116ns  (arrival time - required time)
  Source:                 i_croc_soc/i_croc/i_dmi_jtag/i_dmi_cdc/i_cdc_resp/i_dst/data_dst_q_reg[data][30]/C
                            (rising edge-triggered cell FDRE clocked by jtag_tck  {rise@0.000ns fall@50.000ns period=100.000ns})
  Destination:            i_croc_soc/i_croc/i_dmi_jtag/data_q_reg[30]/D
                            (rising edge-triggered cell FDCE clocked by jtag_tck  {rise@0.000ns fall@50.000ns period=100.000ns})
  Path Group:             jtag_tck
  Path Type:              Hold (Min at Fast Process Corner)
  Requirement:            0.000ns  (jtag_tck rise@0.000ns - jtag_tck rise@0.000ns)
  Data Path Delay:        0.250ns  (logic 0.186ns (74.432%)  route 0.064ns (25.568%))
  Logic Levels:           1  (LUT6=1)
  Clock Path Skew:        0.013ns (DCD - SCD - CPR)
    Destination Clock Delay (DCD):    2.605ns
    Source Clock Delay      (SCD):    1.972ns
    Clock Pessimism Removal (CPR):    0.619ns

    Location             Delay type                Incr(ns)  Path(ns)    Netlist Resource(s)
  -------------------------------------------------------------------    -------------------
                         (clock jtag_tck rise edge)
                                                      0.000     0.000 r  
    A13                                               0.000     0.000 r  jtag_tck_i (IN)
                         net (fo=0)                   0.000     0.000    jtag_tck_i
    A13                  IBUF (Prop_ibuf_I_O)         0.279     0.279 r  jtag_tck_i_IBUF_inst/O
                         net (fo=3, routed)           1.029     1.308    jtag_tck_i_IBUF
    BUFGCTRL_X0Y1        BUFG (Prop_bufg_I_O)         0.026     1.334 r  jtag_tck_i_IBUF_BUFG_inst/O
                         net (fo=316, routed)         0.638     1.972    i_croc_soc/i_croc/i_dmi_jtag/i_dmi_cdc/i_cdc_resp/i_dst/jtag_tck_i_IBUF_BUFG
    SLICE_X15Y130        FDRE                                         r  i_croc_soc/i_croc/i_dmi_jtag/i_dmi_cdc/i_cdc_resp/i_dst/data_dst_q_reg[data][30]/C
  -------------------------------------------------------------------    -------------------
    SLICE_X15Y130        FDRE (Prop_fdre_C_Q)         0.141     2.113 r  i_croc_soc/i_croc/i_dmi_jtag/i_dmi_cdc/i_cdc_resp/i_dst/data_dst_q_reg[data][30]/Q
                         net (fo=2, routed)           0.064     2.177    i_croc_soc/i_croc/i_dmi_jtag/i_dmi_jtag_tap/data_q_reg[30][9]
    SLICE_X14Y130        LUT6 (Prop_lut6_I4_O)        0.045     2.222 r  i_croc_soc/i_croc/i_dmi_jtag/i_dmi_jtag_tap/data_q[30]_i_1/O
                         net (fo=1, routed)           0.000     2.222    i_croc_soc/i_croc/i_dmi_jtag/data_d[30]
    SLICE_X14Y130        FDCE                                         r  i_croc_soc/i_croc/i_dmi_jtag/data_q_reg[30]/D
  -------------------------------------------------------------------    -------------------

                         (clock jtag_tck rise edge)
                                                      0.000     0.000 r  
    A13                                               0.000     0.000 r  jtag_tck_i (IN)
                         net (fo=0)                   0.000     0.000    jtag_tck_i
    A13                  IBUF (Prop_ibuf_I_O)         0.467     0.467 r  jtag_tck_i_IBUF_inst/O
                         net (fo=3, routed)           1.198     1.665    jtag_tck_i_IBUF
    BUFGCTRL_X0Y1        BUFG (Prop_bufg_I_O)         0.029     1.694 r  jtag_tck_i_IBUF_BUFG_inst/O
                         net (fo=316, routed)         0.910     2.605    i_croc_soc/i_croc/i_dmi_jtag/jtag_tck_i_IBUF_BUFG
    SLICE_X14Y130        FDCE                                         r  i_croc_soc/i_croc/i_dmi_jtag/data_q_reg[30]/C
                         clock pessimism             -0.619     1.985    
    SLICE_X14Y130        FDCE (Hold_fdce_C_D)         0.121     2.106    i_croc_soc/i_croc/i_dmi_jtag/data_q_reg[30]
  -------------------------------------------------------------------
                         required time                         -2.106    
                         arrival time                           2.222    
  -------------------------------------------------------------------
                         slack                                  0.116    





Pulse Width Checks
--------------------------------------------------------------------------------------
Clock Name:         jtag_tck
Waveform(ns):       { 0.000 50.000 }
Period(ns):         100.000
Sources:            { jtag_tck_i }

Check Type        Corner  Lib Pin      Reference Pin  Required(ns)  Actual(ns)  Slack(ns)  Location       Pin
Min Period        n/a     BUFGCTRL/I0  n/a            1.592         100.000     98.408     BUFGCTRL_X0Y3  i_croc_soc/i_croc/i_dmi_jtag/i_dmi_jtag_tap/i_dft_tck_mux/i_BUFGMUX/I0
Low Pulse Width   Fast    FDRE/C       n/a            0.500         50.000      49.500     SLICE_X11Y130  i_croc_soc/i_croc/i_dmi_jtag/i_dmi_cdc/i_cdc_resp/i_dst/data_dst_q_reg[resp][0]/C
High Pulse Width  Fast    FDRE/C       n/a            0.500         50.000      49.500     SLICE_X11Y127  i_croc_soc/i_croc/i_dmi_jtag/i_dmi_cdc/i_cdc_resp/i_dst/data_dst_q_reg[data][2]/C



---------------------------------------------------------------------------------------------------
From Clock:  pll_clk1
  To Clock:  pll_clk1

Setup :            0  Failing Endpoints,  Worst Slack        9.919ns,  Total Violation        0.000ns
Hold  :            0  Failing Endpoints,  Worst Slack        0.104ns,  Total Violation        0.000ns
PW    :            0  Failing Endpoints,  Worst Slack       24.500ns,  Total Violation        0.000ns
---------------------------------------------------------------------------------------------------


Max Delay Paths
--------------------------------------------------------------------------------------
Slack (MET) :             9.919ns  (required time - arrival time)
  Source:                 i_croc_soc/i_croc/i_core_wrap/i_mx/instr_fmt_q_reg[0]/C
                            (rising edge-triggered cell FDCE clocked by pll_clk1  {rise@0.000ns fall@25.000ns period=50.000ns})
  Destination:            i_croc_soc/i_croc/i_core_wrap/i_ibex/register_file_i/g_rf_flops[22].rf_reg_q_reg[22][9]/D
                            (rising edge-triggered cell FDCE clocked by pll_clk1  {rise@0.000ns fall@25.000ns period=50.000ns})
  Path Group:             pll_clk1
  Path Type:              Setup (Max at Slow Process Corner)
  Requirement:            50.000ns  (pll_clk1 rise@50.000ns - pll_clk1 rise@0.000ns)
  Data Path Delay:        40.033ns  (logic 11.922ns (29.780%)  route 28.111ns (70.220%))
  Logic Levels:           60  (CARRY4=22 LUT2=5 LUT3=5 LUT4=5 LUT5=2 LUT6=20 MUXF7=1)
  Clock Path Skew:        0.035ns (DCD - SCD + CPR)
    Destination Clock Delay (DCD):    4.378ns = ( 54.378 - 50.000 ) 
    Source Clock Delay      (SCD):    4.568ns
    Clock Pessimism Removal (CPR):    0.225ns
  Clock Uncertainty:      0.035ns  ((TSJ^2 + TIJ^2)^1/2 + DJ) / 2 + PE
    Total System Jitter     (TSJ):    0.071ns
    Total Input Jitter      (TIJ):    0.000ns
    Discrete Jitter          (DJ):    0.000ns
    Phase Error              (PE):    0.000ns

    Location             Delay type                Incr(ns)  Path(ns)    Netlist Resource(s)
  -------------------------------------------------------------------    -------------------
                         (clock pll_clk1 rise edge)
                                                      0.000     0.000 r  
    N13                                               0.000     0.000 r  pll_clk1 (IN)
                         net (fo=0)                   0.000     0.000    pll_clk1
    N13                  IBUF (Prop_ibuf_I_O)         1.447     1.447 r  pll_clk1_IBUF_inst/O
                         net (fo=1, routed)           1.693     3.140    pll_clk1_IBUF
    BUFGCTRL_X0Y0        BUFGCTRL (Prop_bufgctrl_I0_O)
                                                      0.081     3.221 r  i_clk_mux/O
                         net (fo=4093, routed)        1.347     4.568    i_croc_soc/i_croc/i_core_wrap/i_mx/soc_clk
    SLICE_X56Y71         FDCE                                         r  i_croc_soc/i_croc/i_core_wrap/i_mx/instr_fmt_q_reg[0]/C
  -------------------------------------------------------------------    -------------------
    SLICE_X56Y71         FDCE (Prop_fdce_C_Q)         0.433     5.001 f  i_croc_soc/i_croc/i_core_wrap/i_mx/instr_fmt_q_reg[0]/Q
                         net (fo=267, routed)         3.152     8.154    i_croc_soc/i_croc/i_core_wrap/i_mx/instr_fmt_q_reg[2]_0[0]
    SLICE_X28Y12         LUT3 (Prop_lut3_I2_O)        0.119     8.273 r  i_croc_soc/i_croc/i_core_wrap/i_mx/i___318_rep/O
                         net (fo=85, routed)          1.293     9.566    i_croc_soc/i_croc/i_core_wrap/i_mx/i___318_rep_n_0
    SLICE_X54Y23         LUT6 (Prop_lut6_I5_O)        0.267     9.833 f  i_croc_soc/i_croc/i_core_wrap/i_mx/i___298/O
                         net (fo=14, routed)          0.506    10.340    i_croc_soc/i_croc/i_core_wrap/i_mx/i_alu/i___295
    SLICE_X53Y23         LUT2 (Prop_lut2_I1_O)        0.108    10.448 r  i_croc_soc/i_croc/i_core_wrap/i_mx/i_alu/i___295_i_1/O
                         net (fo=3, routed)           0.691    11.139    i_croc_soc/i_croc/i_core_wrap/i_mx/i_alu_n_433
    SLICE_X53Y21         LUT6 (Prop_lut6_I0_O)        0.267    11.406 r  i_croc_soc/i_croc/i_core_wrap/i_mx/i___295/O
                         net (fo=2, routed)           0.423    11.829    i_croc_soc/i_croc/i_core_wrap/i_mx/i_alu/i___236_i_5_1[0]
    SLICE_X52Y21         LUT6 (Prop_lut6_I0_O)        0.105    11.934 r  i_croc_soc/i_croc/i_core_wrap/i_mx/i_alu/i___236_i_11/O
                         net (fo=1, routed)           0.000    11.934    i_croc_soc/i_croc/i_core_wrap/i_mx/i_alu/i___236_i_11_n_0
    SLICE_X52Y21         CARRY4 (Prop_carry4_S[0]_CO[3])
                                                      0.423    12.357 r  i_croc_soc/i_croc/i_core_wrap/i_mx/i_alu/i___236_i_5/CO[3]
                         net (fo=15, routed)          1.200    13.557    i_croc_soc/i_croc/i_core_wrap/i_mx/i_alu/i___236_i_5_n_0
    SLICE_X48Y17         LUT6 (Prop_lut6_I1_O)        0.105    13.662 f  i_croc_soc/i_croc/i_core_wrap/i_mx/i_alu/i___103_i_22/O
                         net (fo=6, routed)           0.605    14.267    i_croc_soc/i_croc/i_core_wrap/i_mx/i_alu/i___103_i_22_n_0
    SLICE_X48Y19         LUT3 (Prop_lut3_I2_O)        0.126    14.393 r  i_croc_soc/i_croc/i_core_wrap/i_mx/i_alu/i___104_i_15/O
                         net (fo=1, routed)           0.671    15.063    i_croc_soc/i_croc/i_core_wrap/i_mx/i_alu/i___104_i_15_n_0
    SLICE_X48Y19         LUT6 (Prop_lut6_I1_O)        0.267    15.330 f  i_croc_soc/i_croc/i_core_wrap/i_mx/i_alu/i___104_i_7/O
                         net (fo=7, routed)           0.689    16.019    i_croc_soc/i_croc/i_core_wrap/i_mx/i_alu/i___104_i_7_n_0
    SLICE_X49Y21         LUT6 (Prop_lut6_I2_O)        0.105    16.124 f  i_croc_soc/i_croc/i_core_wrap/i_mx/i_alu/i___103_i_7/O
                         net (fo=13, routed)          0.566    16.691    i_croc_soc/i_croc/i_core_wrap/i_mx/i_alu/i___210_i_3_0
    SLICE_X48Y25         LUT4 (Prop_lut4_I0_O)        0.108    16.799 f  i_croc_soc/i_croc/i_core_wrap/i_mx/i_alu/i___110_i_3/O
                         net (fo=23, routed)          0.902    17.701    i_croc_soc/i_croc/i_core_wrap/i_mx/i_alu_n_235
    SLICE_X44Y27         LUT3 (Prop_lut3_I2_O)        0.267    17.968 r  i_croc_soc/i_croc/i_core_wrap/i_mx/i___234/O
                         net (fo=58, routed)          0.462    18.430    i_croc_soc/i_croc/i_core_wrap/i_mx/i___232_i_22_n_0
    SLICE_X46Y25         CARRY4 (Prop_carry4_S[1]_CO[3])
                                                      0.549    18.979 r  i_croc_soc/i_croc/i_core_wrap/i_mx/i___232_i_12/CO[3]
                         net (fo=1, routed)           0.000    18.979    i_croc_soc/i_croc/i_core_wrap/i_mx/i___232_i_12_n_0
    SLICE_X46Y26         CARRY4 (Prop_carry4_CI_CO[3])
                                                      0.100    19.079 r  i_croc_soc/i_croc/i_core_wrap/i_mx/i___232_i_13/CO[3]
                         net (fo=1, routed)           0.000    19.079    i_croc_soc/i_croc/i_core_wrap/i_mx/i___232_i_13_n_0
    SLICE_X46Y27         CARRY4 (Prop_carry4_CI_CO[3])
                                                      0.100    19.179 r  i_croc_soc/i_croc/i_core_wrap/i_mx/i___232_i_30/CO[3]
                         net (fo=1, routed)           0.000    19.179    i_croc_soc/i_croc/i_core_wrap/i_mx/i___232_i_30_n_0
    SLICE_X46Y28         CARRY4 (Prop_carry4_CI_CO[3])
                                                      0.100    19.279 r  i_croc_soc/i_croc/i_core_wrap/i_mx/i___232_i_14/CO[3]
                         net (fo=1, routed)           0.000    19.279    i_croc_soc/i_croc/i_core_wrap/i_mx/i___232_i_14_n_0
    SLICE_X46Y29         CARRY4 (Prop_carry4_CI_CO[3])
                                                      0.100    19.379 r  i_croc_soc/i_croc/i_core_wrap/i_mx/i___232_i_17/CO[3]
                         net (fo=1, routed)           0.000    19.379    i_croc_soc/i_croc/i_core_wrap/i_mx/i___232_i_17_n_0
    SLICE_X46Y30         CARRY4 (Prop_carry4_CI_O[0])
                                                      0.178    19.557 r  i_croc_soc/i_croc/i_core_wrap/i_mx/i___232_i_15/O[0]
                         net (fo=1, routed)           0.517    20.075    i_croc_soc/i_croc/i_core_wrap/i_mx/i_alu/i___232_i_2_2[0]
    SLICE_X47Y30         LUT4 (Prop_lut4_I1_O)        0.238    20.313 r  i_croc_soc/i_croc/i_core_wrap/i_mx/i_alu/i___232_i_18/O
                         net (fo=1, routed)           0.343    20.655    i_croc_soc/i_croc/i_core_wrap/i_mx/i_alu/i___232_i_18_n_0
    SLICE_X47Y30         LUT5 (Prop_lut5_I4_O)        0.105    20.760 r  i_croc_soc/i_croc/i_core_wrap/i_mx/i_alu/i___232_i_6/O
                         net (fo=1, routed)           0.461    21.221    i_croc_soc/i_croc/i_core_wrap/i_mx/i_alu/i___232_i_6_n_0
    SLICE_X44Y27         LUT3 (Prop_lut3_I1_O)        0.105    21.326 r  i_croc_soc/i_croc/i_core_wrap/i_mx/i_alu/i___232_i_2/O
                         net (fo=4, routed)           0.410    21.736    i_croc_soc/i_croc/i_core_wrap/i_mx/i_alu/i___232_i_7_0
    SLICE_X44Y24         LUT6 (Prop_lut6_I2_O)        0.105    21.841 r  i_croc_soc/i_croc/i_core_wrap/i_mx/i_alu/i___85_i_72/O
                         net (fo=1, routed)           0.358    22.200    i_croc_soc/i_croc/i_core_wrap/i_mx/i_alu/i___85_i_72_n_0
    SLICE_X43Y22         LUT6 (Prop_lut6_I2_O)        0.105    22.305 r  i_croc_soc/i_croc/i_core_wrap/i_mx/i_alu/i___85_i_51/O
                         net (fo=3, routed)           0.000    22.305    i_croc_soc/i_croc/i_core_wrap/i_mx/i___85_i_22_n_0
    SLICE_X43Y22         CARRY4 (Prop_carry4_S[1]_CO[3])
                                                      0.457    22.762 r  i_croc_soc/i_croc/i_core_wrap/i_mx/i___85_i_6/CO[3]
                         net (fo=1, routed)           0.000    22.762    i_croc_soc/i_croc/i_core_wrap/i_mx/i___85_i_6_n_0
    SLICE_X43Y23         CARRY4 (Prop_carry4_CI_CO[3])
                                                      0.098    22.860 r  i_croc_soc/i_croc/i_core_wrap/i_mx/i___345_i_111/CO[3]
                         net (fo=1, routed)           0.000    22.860    i_croc_soc/i_croc/i_core_wrap/i_mx/i___345_i_111_n_0
    SLICE_X43Y24         CARRY4 (Prop_carry4_CI_O[1])
                                                      0.265    23.125 f  i_croc_soc/i_croc/i_core_wrap/i_mx/i___117_i_79/O[1]
                         net (fo=1, routed)           0.661    23.786    i_croc_soc/i_croc/i_core_wrap/i_mx/i_alu/fp8_to_fixed161__1[9]
    SLICE_X42Y24         LUT4 (Prop_lut4_I1_O)        0.260    24.046 r  i_croc_soc/i_croc/i_core_wrap/i_mx/i_alu/i___115_i_148/O
                         net (fo=1, routed)           0.359    24.405    i_croc_soc/i_croc/i_core_wrap/i_mx/i_alu/i___115_i_148_n_0
    SLICE_X42Y24         LUT6 (Prop_lut6_I0_O)        0.264    24.669 r  i_croc_soc/i_croc/i_core_wrap/i_mx/i_alu/i___115_i_81/O
                         net (fo=3, routed)           0.947    25.616    i_croc_soc/i_croc/i_core_wrap/i_mx/i_alu/i___115_i_81_n_0
    SLICE_X36Y23         LUT5 (Prop_lut5_I0_O)        0.119    25.735 r  i_croc_soc/i_croc/i_core_wrap/i_mx/i_alu/i___115_i_90/O
                         net (fo=2, routed)           0.586    26.321    i_croc_soc/i_croc/i_core_wrap/i_mx/i_alu/i___115_i_90_n_0
    SLICE_X35Y22         LUT6 (Prop_lut6_I2_O)        0.267    26.588 r  i_croc_soc/i_croc/i_core_wrap/i_mx/i_alu/i___115_i_36/O
                         net (fo=1, routed)           0.000    26.588    i_croc_soc/i_croc/i_core_wrap/i_mx/i_alu/i___115_i_36_n_0
    SLICE_X35Y22         CARRY4 (Prop_carry4_S[2]_CO[3])
                                                      0.332    26.920 r  i_croc_soc/i_croc/i_core_wrap/i_mx/i_alu/i___115_i_11/CO[3]
                         net (fo=1, routed)           0.000    26.920    i_croc_soc/i_croc/i_core_wrap/i_mx/i_alu/i___115_i_11_n_0
    SLICE_X35Y23         CARRY4 (Prop_carry4_CI_CO[3])
                                                      0.098    27.018 r  i_croc_soc/i_croc/i_core_wrap/i_mx/i_alu/i___117_i_7/CO[3]
                         net (fo=1, routed)           0.000    27.018    i_croc_soc/i_croc/i_core_wrap/i_mx/i_alu/i___117_i_7_n_0
    SLICE_X35Y24         CARRY4 (Prop_carry4_CI_O[0])
                                                      0.180    27.198 f  i_croc_soc/i_croc/i_core_wrap/i_mx/i_alu/i___343_i_3/O[0]
                         net (fo=1, routed)           1.146    28.345    i_croc_soc/i_croc/i_core_wrap/i_mx/i_alu/fp8_dot[16]
    SLICE_X12Y45         LUT6 (Prop_lut6_I4_O)        0.249    28.594 f  i_croc_soc/i_croc/i_core_wrap/i_mx/i_alu/i___352_i_22/O
                         net (fo=10, routed)          0.824    29.418    i_croc_soc/i_croc/i_core_wrap/i_mx/i_alu/i___352_i_22_n_0
    SLICE_X11Y49         LUT6 (Prop_lut6_I0_O)        0.105    29.523 r  i_croc_soc/i_croc/i_core_wrap/i_mx/i_alu/i___116_i_9/O
                         net (fo=2, routed)           0.587    30.110    i_croc_soc/i_croc/i_core_wrap/i_mx/i_alu/i___116_i_9_n_0
    SLICE_X11Y50         LUT4 (Prop_lut4_I0_O)        0.108    30.218 r  i_croc_soc/i_croc/i_core_wrap/i_mx/i_alu/i___351_i_14/O
                         net (fo=4, routed)           0.925    31.143    i_croc_soc/i_croc/i_core_wrap/i_mx/i_alu/i___351_i_14_n_0
    SLICE_X12Y54         LUT6 (Prop_lut6_I1_O)        0.267    31.410 f  i_croc_soc/i_croc/i_core_wrap/i_mx/i_alu/i___351_i_13/O
                         net (fo=2, routed)           0.355    31.765    i_croc_soc/i_croc/i_core_wrap/i_mx/i_alu/i___351_i_13_n_0
    SLICE_X13Y54         LUT2 (Prop_lut2_I1_O)        0.105    31.870 r  i_croc_soc/i_croc/i_core_wrap/i_mx/i_alu/i___112_i_33/O
                         net (fo=1, routed)           0.000    31.870    i_croc_soc/i_croc/i_core_wrap/i_mx/i_alu/i___112_i_33_n_0
    SLICE_X13Y54         CARRY4 (Prop_carry4_S[0]_CO[3])
                                                      0.440    32.310 r  i_croc_soc/i_croc/i_core_wrap/i_mx/i_alu/i___112_i_15/CO[3]
                         net (fo=1, routed)           0.806    33.116    i_croc_soc/i_croc/i_core_wrap/i_mx/i_alu/se_scaled_dot3382_in
    SLICE_X14Y48         LUT6 (Prop_lut6_I5_O)        0.105    33.221 r  i_croc_soc/i_croc/i_core_wrap/i_mx/i_alu/i___112_i_7/O
                         net (fo=1, routed)           0.255    33.476    i_croc_soc/i_croc/i_core_wrap/i_mx/i_alu/i___112_i_7_n_0
    SLICE_X15Y48         LUT6 (Prop_lut6_I5_O)        0.105    33.581 f  i_croc_soc/i_croc/i_core_wrap/i_mx/i_alu/i___112_i_1/O
                         net (fo=20, routed)          0.562    34.143    i_croc_soc/i_croc/i_core_wrap/i_mx/i_alu/se_a_q_reg[7]_3
    SLICE_X15Y50         LUT3 (Prop_lut3_I2_O)        0.126    34.269 r  i_croc_soc/i_croc/i_core_wrap/i_mx/i_alu/i___119_i_2/O
                         net (fo=13, routed)          0.803    35.072    i_croc_soc/i_croc/i_core_wrap/i_mx/i_alu/i___119_i_2_n_0
    SLICE_X13Y47         LUT6 (Prop_lut6_I0_O)        0.267    35.339 r  i_croc_soc/i_croc/i_core_wrap/i_mx/i_alu/i___153_i_9/O
                         net (fo=3, routed)           0.728    36.068    i_croc_soc/i_croc/i_core_wrap/i_mx/i_alu/se_scaled_dot[4]
    SLICE_X32Y48         LUT2 (Prop_lut2_I0_O)        0.105    36.173 r  i_croc_soc/i_croc/i_core_wrap/i_mx/i_alu/i___153_i_13/O
                         net (fo=1, routed)           0.000    36.173    i_croc_soc/i_croc/i_core_wrap/i_mx/i_alu/i___153_i_13_n_0
    SLICE_X32Y48         CARRY4 (Prop_carry4_S[0]_CO[3])
                                                      0.440    36.613 r  i_croc_soc/i_croc/i_core_wrap/i_mx/i_alu/i___153_i_2/CO[3]
                         net (fo=1, routed)           0.000    36.613    i_croc_soc/i_croc/i_core_wrap/i_mx/i_alu/i___153_i_2_n_0
    SLICE_X32Y49         CARRY4 (Prop_carry4_CI_CO[3])
                                                      0.098    36.711 r  i_croc_soc/i_croc/i_core_wrap/i_mx/i_alu/mac_acc_q_reg[11]_i_2/CO[3]
                         net (fo=1, routed)           0.001    36.712    i_croc_soc/i_croc/i_core_wrap/i_mx/i_alu/mac_acc_q_reg[11]_i_2_n_0
    SLICE_X32Y50         CARRY4 (Prop_carry4_CI_CO[3])
                                                      0.098    36.810 r  i_croc_soc/i_croc/i_core_wrap/i_mx/i_alu/mac_acc_q_reg[15]_i_2/CO[3]
                         net (fo=1, routed)           0.000    36.810    i_croc_soc/i_croc/i_core_wrap/i_mx/i_alu/mac_acc_q_reg[15]_i_2_n_0
    SLICE_X32Y51         CARRY4 (Prop_carry4_CI_CO[3])
                                                      0.098    36.908 r  i_croc_soc/i_croc/i_core_wrap/i_mx/i_alu/i___352_i_1/CO[3]
                         net (fo=1, routed)           0.000    36.908    i_croc_soc/i_croc/i_core_wrap/i_mx/i_alu/i___352_i_1_n_0
    SLICE_X32Y52         CARRY4 (Prop_carry4_CI_CO[3])
                                                      0.098    37.006 r  i_croc_soc/i_croc/i_core_wrap/i_mx/i_alu/mac_acc_q_reg[23]_i_2/CO[3]
                         net (fo=1, routed)           0.000    37.006    i_croc_soc/i_croc/i_core_wrap/i_mx/i_alu/mac_acc_q_reg[23]_i_2_n_0
    SLICE_X32Y53         CARRY4 (Prop_carry4_CI_CO[3])
                                                      0.098    37.104 r  i_croc_soc/i_croc/i_core_wrap/i_mx/i_alu/i___351_i_1/CO[3]
                         net (fo=1, routed)           0.000    37.104    i_croc_soc/i_croc/i_core_wrap/i_mx/i_alu/i___351_i_1_n_0
    SLICE_X32Y54         CARRY4 (Prop_carry4_CI_O[3])
                                                      0.260    37.364 f  i_croc_soc/i_croc/i_core_wrap/i_mx/i_alu/i___349_i_3/O[3]
                         net (fo=6, routed)           0.596    37.960    i_croc_soc/i_croc/i_core_wrap/i_mx/i_alu/mac_acc_q_reg[31]_0[3]
    SLICE_X33Y54         LUT2 (Prop_lut2_I1_O)        0.257    38.217 r  i_croc_soc/i_croc/i_core_wrap/i_mx/i_alu/i___349_i_5/O
                         net (fo=1, routed)           0.000    38.217    i_croc_soc/i_croc/i_core_wrap/i_mx/i_alu/i___349_i_5_n_0
    SLICE_X33Y54         CARRY4 (Prop_carry4_S[0]_CO[1])
                                                      0.380    38.597 r  i_croc_soc/i_croc/i_core_wrap/i_mx/i_alu/i___349_i_1/CO[1]
                         net (fo=58, routed)          0.747    39.343    i_croc_soc/i_croc/i_core_wrap/i_mx/mac_result_linear10_in
    SLICE_X37Y49         LUT6 (Prop_lut6_I5_O)        0.275    39.618 f  i_croc_soc/i_croc/i_core_wrap/i_mx/g_rf_flops[31].rf_reg_q[31][9]_i_41/O
                         net (fo=1, routed)           0.116    39.734    i_croc_soc/i_croc/i_core_wrap/i_mx/g_rf_flops[31].rf_reg_q[31][9]_i_41_n_0
    SLICE_X37Y49         LUT4 (Prop_lut4_I0_O)        0.105    39.839 r  i_croc_soc/i_croc/i_core_wrap/i_mx/g_rf_flops[31].rf_reg_q[31][9]_i_28/O
                         net (fo=1, routed)           0.350    40.189    i_croc_soc/i_croc/i_core_wrap/i_mx/g_rf_flops[31].rf_reg_q[31][9]_i_28_n_0
    SLICE_X42Y49         LUT6 (Prop_lut6_I5_O)        0.105    40.294 f  i_croc_soc/i_croc/i_core_wrap/i_mx/g_rf_flops[31].rf_reg_q[31][9]_i_17/O
                         net (fo=1, routed)           0.000    40.294    i_croc_soc/i_croc/i_core_wrap/i_mx/i_alu/g_rf_flops[31].rf_reg_q[31][9]_i_10_0
    SLICE_X42Y49         MUXF7 (Prop_muxf7_I0_O)      0.173    40.467 f  i_croc_soc/i_croc/i_core_wrap/i_mx/i_alu/g_rf_flops[31].rf_reg_q_reg[31][9]_i_13/O
                         net (fo=1, routed)           0.515    40.982    i_croc_soc/i_croc/i_core_wrap/i_mx/i_alu/g_rf_flops[31].rf_reg_q_reg[31][9]_i_13_n_0
    SLICE_X28Y49         LUT6 (Prop_lut6_I0_O)        0.241    41.223 r  i_croc_soc/i_croc/i_core_wrap/i_mx/i_alu/g_rf_flops[31].rf_reg_q[31][9]_i_10/O
                         net (fo=1, routed)           0.976    42.199    i_croc_soc/i_croc/i_core_wrap/i_ibex/if_stage_i/x_result[data][9]
    SLICE_X34Y64         LUT2 (Prop_lut2_I1_O)        0.125    42.324 r  i_croc_soc/i_croc/i_core_wrap/i_ibex/if_stage_i/g_rf_flops[31].rf_reg_q[31][9]_i_4/O
                         net (fo=1, routed)           0.415    42.739    i_croc_soc/i_croc/i_core_wrap/i_ibex/if_stage_i/g_rf_flops[31].rf_reg_q[31][9]_i_4_n_0
    SLICE_X34Y72         LUT6 (Prop_lut6_I3_O)        0.264    43.003 r  i_croc_soc/i_croc/i_core_wrap/i_ibex/if_stage_i/g_rf_flops[31].rf_reg_q[31][9]_i_1/O
                         net (fo=31, routed)          1.599    44.602    i_croc_soc/i_croc/i_core_wrap/i_ibex/register_file_i/wdata_a_i[9]
    SLICE_X65Y58         FDCE                                         r  i_croc_soc/i_croc/i_core_wrap/i_ibex/register_file_i/g_rf_flops[22].rf_reg_q_reg[22][9]/D
  -------------------------------------------------------------------    -------------------

                         (clock pll_clk1 rise edge)
                                                     50.000    50.000 r  
    N13                                               0.000    50.000 r  pll_clk1 (IN)
                         net (fo=0)                   0.000    50.000    pll_clk1
    N13                  IBUF (Prop_ibuf_I_O)         1.381    51.381 r  pll_clk1_IBUF_inst/O
                         net (fo=1, routed)           1.604    52.985    pll_clk1_IBUF
    BUFGCTRL_X0Y0        BUFGCTRL (Prop_bufgctrl_I0_O)
                                                      0.077    53.062 r  i_clk_mux/O
                         net (fo=4093, routed)        1.316    54.378    i_croc_soc/i_croc/i_core_wrap/i_ibex/register_file_i/soc_clk
    SLICE_X65Y58         FDCE                                         r  i_croc_soc/i_croc/i_core_wrap/i_ibex/register_file_i/g_rf_flops[22].rf_reg_q_reg[22][9]/C
                         clock pessimism              0.225    54.603    
                         clock uncertainty           -0.035    54.568    
    SLICE_X65Y58         FDCE (Setup_fdce_C_D)       -0.047    54.521    i_croc_soc/i_croc/i_core_wrap/i_ibex/register_file_i/g_rf_flops[22].rf_reg_q_reg[22][9]
  -------------------------------------------------------------------
                         required time                         54.521    
                         arrival time                         -44.602    
  -------------------------------------------------------------------
                         slack                                  9.919    





Min Delay Paths
--------------------------------------------------------------------------------------
Slack (MET) :             0.104ns  (arrival time - required time)
  Source:                 i_croc_soc/i_croc/i_core_wrap/i_ibex/if_stage_i/prefetch_buffer_i/fetch_addr_q_reg[21]/C
                            (rising edge-triggered cell FDCE clocked by pll_clk1  {rise@0.000ns fall@25.000ns period=50.000ns})
  Destination:            i_croc_soc/i_croc/i_core_wrap/i_ibex/if_stage_i/prefetch_buffer_i/fetch_addr_q_reg[25]/D
                            (rising edge-triggered cell FDCE clocked by pll_clk1  {rise@0.000ns fall@25.000ns period=50.000ns})
  Path Group:             pll_clk1
  Path Type:              Hold (Min at Fast Process Corner)
  Requirement:            0.000ns  (pll_clk1 rise@0.000ns - pll_clk1 rise@0.000ns)
  Data Path Delay:        0.560ns  (logic 0.392ns (70.035%)  route 0.168ns (29.965%))
  Logic Levels:           3  (CARRY4=2 LUT3=1)
  Clock Path Skew:        0.350ns (DCD - SCD - CPR)
    Destination Clock Delay (DCD):    2.107ns
    Source Clock Delay      (SCD):    1.506ns
    Clock Pessimism Removal (CPR):    0.251ns

    Location             Delay type                Incr(ns)  Path(ns)    Netlist Resource(s)
  -------------------------------------------------------------------    -------------------
                         (clock pll_clk1 rise edge)
                                                      0.000     0.000 r  
    N13                                               0.000     0.000 r  pll_clk1 (IN)
                         net (fo=0)                   0.000     0.000    pll_clk1
    N13                  IBUF (Prop_ibuf_I_O)         0.284     0.284 r  pll_clk1_IBUF_inst/O
                         net (fo=1, routed)           0.634     0.918    pll_clk1_IBUF
    BUFGCTRL_X0Y0        BUFGCTRL (Prop_bufgctrl_I0_O)
                                                      0.026     0.944 r  i_clk_mux/O
                         net (fo=4093, routed)        0.562     1.506    i_croc_soc/i_croc/i_core_wrap/i_ibex/if_stage_i/prefetch_buffer_i/soc_clk
    SLICE_X39Y99         FDCE                                         r  i_croc_soc/i_croc/i_core_wrap/i_ibex/if_stage_i/prefetch_buffer_i/fetch_addr_q_reg[21]/C
  -------------------------------------------------------------------    -------------------
    SLICE_X39Y99         FDCE (Prop_fdce_C_Q)         0.141     1.647 r  i_croc_soc/i_croc/i_core_wrap/i_ibex/if_stage_i/prefetch_buffer_i/fetch_addr_q_reg[21]/Q
                         net (fo=2, routed)           0.167     1.814    i_croc_soc/i_croc/i_core_wrap/i_ibex/id_stage_i/controller_i/Q[19]
    SLICE_X39Y99         LUT3 (Prop_lut3_I2_O)        0.045     1.859 r  i_croc_soc/i_croc/i_core_wrap/i_ibex/id_stage_i/controller_i/fetch_addr_q[24]_i_5/O
                         net (fo=1, routed)           0.000     1.859    i_croc_soc/i_croc/i_core_wrap/i_ibex/id_stage_i/controller_i/fetch_addr_q[24]_i_5_n_0
    SLICE_X39Y99         CARRY4 (Prop_carry4_S[0]_CO[3])
                                                      0.152     2.011 r  i_croc_soc/i_croc/i_core_wrap/i_ibex/id_stage_i/controller_i/fetch_addr_q_reg[24]_i_1/CO[3]
                         net (fo=1, routed)           0.001     2.011    i_croc_soc/i_croc/i_core_wrap/i_ibex/id_stage_i/controller_i/fetch_addr_q_reg[24]_i_1_n_0
    SLICE_X39Y100        CARRY4 (Prop_carry4_CI_O[0])
                                                      0.054     2.065 r  i_croc_soc/i_croc/i_core_wrap/i_ibex/id_stage_i/controller_i/fetch_addr_q_reg[28]_i_1/O[0]
                         net (fo=1, routed)           0.000     2.065    i_croc_soc/i_croc/i_core_wrap/i_ibex/if_stage_i/prefetch_buffer_i/fetch_addr_q_reg[31]_1[23]
    SLICE_X39Y100        FDCE                                         r  i_croc_soc/i_croc/i_core_wrap/i_ibex/if_stage_i/prefetch_buffer_i/fetch_addr_q_reg[25]/D
  -------------------------------------------------------------------    -------------------

                         (clock pll_clk1 rise edge)
                                                      0.000     0.000 r  
    N13                                               0.000     0.000 r  pll_clk1 (IN)
                         net (fo=0)                   0.000     0.000    pll_clk1
    N13                  IBUF (Prop_ibuf_I_O)         0.472     0.472 r  pll_clk1_IBUF_inst/O
                         net (fo=1, routed)           0.689     1.161    pll_clk1_IBUF
    BUFGCTRL_X0Y0        BUFGCTRL (Prop_bufgctrl_I0_O)
                                                      0.029     1.190 r  i_clk_mux/O
                         net (fo=4093, routed)        0.917     2.107    i_croc_soc/i_croc/i_core_wrap/i_ibex/if_stage_i/prefetch_buffer_i/soc_clk
    SLICE_X39Y100        FDCE                                         r  i_croc_soc/i_croc/i_core_wrap/i_ibex/if_stage_i/prefetch_buffer_i/fetch_addr_q_reg[25]/C
                         clock pessimism             -0.251     1.856    
    SLICE_X39Y100        FDCE (Hold_fdce_C_D)         0.105     1.961    i_croc_soc/i_croc/i_core_wrap/i_ibex/if_stage_i/prefetch_buffer_i/fetch_addr_q_reg[25]
  -------------------------------------------------------------------
                         required time                         -1.961    
                         arrival time                           2.065    
  -------------------------------------------------------------------
                         slack                                  0.104    





Pulse Width Checks
--------------------------------------------------------------------------------------
Clock Name:         pll_clk1
Waveform(ns):       { 0.000 25.000 }
Period(ns):         50.000
Sources:            { pll_clk1 }

Check Type        Corner  Lib Pin             Reference Pin  Required(ns)  Actual(ns)  Slack(ns)  Location       Pin
Min Period        n/a     RAMB36E1/CLKARDCLK  n/a            2.170         50.000      47.830     RAMB36_X0Y21   i_croc_soc/i_croc/gen_sram_bank[0].i_sram/i_tc_sram/gen_1_ports.i_xpm_memory_spram/xpm_memory_base_inst/gen_wr_a.gen_byte_narrow.for_mem_cols[1].mem_reg/CLKARDCLK
Low Pulse Width   Fast    FDCE/C              n/a            0.500         25.000      24.500     SLICE_X23Y113  i_croc_soc/i_croc/i_clint/mtimecmp_q_reg[15]/C
High Pulse Width  Slow    FDCE/C              n/a            0.500         25.000      24.500     SLICE_X23Y114  i_croc_soc/i_croc/i_clint/mtimecmp_q_reg[18]/C



---------------------------------------------------------------------------------------------------
From Clock:  tio_clkin
  To Clock:  tio_clkin

Setup :            0  Failing Endpoints,  Worst Slack        9.919ns,  Total Violation        0.000ns
Hold  :            0  Failing Endpoints,  Worst Slack        0.104ns,  Total Violation        0.000ns
PW    :            0  Failing Endpoints,  Worst Slack       24.500ns,  Total Violation        0.000ns
---------------------------------------------------------------------------------------------------


Max Delay Paths
--------------------------------------------------------------------------------------
Slack (MET) :             9.919ns  (required time - arrival time)
  Source:                 i_croc_soc/i_croc/i_core_wrap/i_mx/instr_fmt_q_reg[0]/C
                            (rising edge-triggered cell FDCE clocked by tio_clkin  {rise@0.000ns fall@25.000ns period=50.000ns})
  Destination:            i_croc_soc/i_croc/i_core_wrap/i_ibex/register_file_i/g_rf_flops[22].rf_reg_q_reg[22][9]/D
                            (rising edge-triggered cell FDCE clocked by tio_clkin  {rise@0.000ns fall@25.000ns period=50.000ns})
  Path Group:             tio_clkin
  Path Type:              Setup (Max at Slow Process Corner)
  Requirement:            50.000ns  (tio_clkin rise@50.000ns - tio_clkin rise@0.000ns)
  Data Path Delay:        40.033ns  (logic 11.922ns (29.780%)  route 28.111ns (70.220%))
  Logic Levels:           60  (CARRY4=22 LUT2=5 LUT3=5 LUT4=5 LUT5=2 LUT6=20 MUXF7=1)
  Clock Path Skew:        0.035ns (DCD - SCD + CPR)
    Destination Clock Delay (DCD):    4.378ns = ( 54.378 - 50.000 ) 
    Source Clock Delay      (SCD):    4.569ns
    Clock Pessimism Removal (CPR):    0.225ns
  Clock Uncertainty:      0.035ns  ((TSJ^2 + TIJ^2)^1/2 + DJ) / 2 + PE
    Total System Jitter     (TSJ):    0.071ns
    Total Input Jitter      (TIJ):    0.000ns
    Discrete Jitter          (DJ):    0.000ns
    Phase Error              (PE):    0.000ns

    Location             Delay type                Incr(ns)  Path(ns)    Netlist Resource(s)
  -------------------------------------------------------------------    -------------------
                         (clock tio_clkin rise edge)
                                                      0.000     0.000 r  
    N14                                               0.000     0.000 r  tio_clkin (IN)
                         net (fo=0)                   0.000     0.000    tio_clkin
    N14                  IBUF (Prop_ibuf_I_O)         1.448     1.448 r  tio_clkin_IBUF_inst/O
                         net (fo=1, routed)           1.693     3.140    tio_clkin_IBUF
    BUFGCTRL_X0Y0        BUFGCTRL (Prop_bufgctrl_I1_O)
                                                      0.081     3.221 r  i_clk_mux/O
                         net (fo=4093, routed)        1.347     4.569    i_croc_soc/i_croc/i_core_wrap/i_mx/soc_clk
    SLICE_X56Y71         FDCE                                         r  i_croc_soc/i_croc/i_core_wrap/i_mx/instr_fmt_q_reg[0]/C
  -------------------------------------------------------------------    -------------------
    SLICE_X56Y71         FDCE (Prop_fdce_C_Q)         0.433     5.002 f  i_croc_soc/i_croc/i_core_wrap/i_mx/instr_fmt_q_reg[0]/Q
                         net (fo=267, routed)         3.152     8.154    i_croc_soc/i_croc/i_core_wrap/i_mx/instr_fmt_q_reg[2]_0[0]
    SLICE_X28Y12         LUT3 (Prop_lut3_I2_O)        0.119     8.273 r  i_croc_soc/i_croc/i_core_wrap/i_mx/i___318_rep/O
                         net (fo=85, routed)          1.293     9.566    i_croc_soc/i_croc/i_core_wrap/i_mx/i___318_rep_n_0
    SLICE_X54Y23         LUT6 (Prop_lut6_I5_O)        0.267     9.833 f  i_croc_soc/i_croc/i_core_wrap/i_mx/i___298/O
                         net (fo=14, routed)          0.506    10.340    i_croc_soc/i_croc/i_core_wrap/i_mx/i_alu/i___295
    SLICE_X53Y23         LUT2 (Prop_lut2_I1_O)        0.108    10.448 r  i_croc_soc/i_croc/i_core_wrap/i_mx/i_alu/i___295_i_1/O
                         net (fo=3, routed)           0.691    11.139    i_croc_soc/i_croc/i_core_wrap/i_mx/i_alu_n_433
    SLICE_X53Y21         LUT6 (Prop_lut6_I0_O)        0.267    11.406 r  i_croc_soc/i_croc/i_core_wrap/i_mx/i___295/O
                         net (fo=2, routed)           0.423    11.829    i_croc_soc/i_croc/i_core_wrap/i_mx/i_alu/i___236_i_5_1[0]
    SLICE_X52Y21         LUT6 (Prop_lut6_I0_O)        0.105    11.934 r  i_croc_soc/i_croc/i_core_wrap/i_mx/i_alu/i___236_i_11/O
                         net (fo=1, routed)           0.000    11.934    i_croc_soc/i_croc/i_core_wrap/i_mx/i_alu/i___236_i_11_n_0
    SLICE_X52Y21         CARRY4 (Prop_carry4_S[0]_CO[3])
                                                      0.423    12.357 r  i_croc_soc/i_croc/i_core_wrap/i_mx/i_alu/i___236_i_5/CO[3]
                         net (fo=15, routed)          1.200    13.557    i_croc_soc/i_croc/i_core_wrap/i_mx/i_alu/i___236_i_5_n_0
    SLICE_X48Y17         LUT6 (Prop_lut6_I1_O)        0.105    13.662 f  i_croc_soc/i_croc/i_core_wrap/i_mx/i_alu/i___103_i_22/O
                         net (fo=6, routed)           0.605    14.267    i_croc_soc/i_croc/i_core_wrap/i_mx/i_alu/i___103_i_22_n_0
    SLICE_X48Y19         LUT3 (Prop_lut3_I2_O)        0.126    14.393 r  i_croc_soc/i_croc/i_core_wrap/i_mx/i_alu/i___104_i_15/O
                         net (fo=1, routed)           0.671    15.064    i_croc_soc/i_croc/i_core_wrap/i_mx/i_alu/i___104_i_15_n_0
    SLICE_X48Y19         LUT6 (Prop_lut6_I1_O)        0.267    15.331 f  i_croc_soc/i_croc/i_core_wrap/i_mx/i_alu/i___104_i_7/O
                         net (fo=7, routed)           0.689    16.020    i_croc_soc/i_croc/i_core_wrap/i_mx/i_alu/i___104_i_7_n_0
    SLICE_X49Y21         LUT6 (Prop_lut6_I2_O)        0.105    16.125 f  i_croc_soc/i_croc/i_core_wrap/i_mx/i_alu/i___103_i_7/O
                         net (fo=13, routed)          0.566    16.691    i_croc_soc/i_croc/i_core_wrap/i_mx/i_alu/i___210_i_3_0
    SLICE_X48Y25         LUT4 (Prop_lut4_I0_O)        0.108    16.799 f  i_croc_soc/i_croc/i_core_wrap/i_mx/i_alu/i___110_i_3/O
                         net (fo=23, routed)          0.902    17.701    i_croc_soc/i_croc/i_core_wrap/i_mx/i_alu_n_235
    SLICE_X44Y27         LUT3 (Prop_lut3_I2_O)        0.267    17.968 r  i_croc_soc/i_croc/i_core_wrap/i_mx/i___234/O
                         net (fo=58, routed)          0.462    18.430    i_croc_soc/i_croc/i_core_wrap/i_mx/i___232_i_22_n_0
    SLICE_X46Y25         CARRY4 (Prop_carry4_S[1]_CO[3])
                                                      0.549    18.979 r  i_croc_soc/i_croc/i_core_wrap/i_mx/i___232_i_12/CO[3]
                         net (fo=1, routed)           0.000    18.979    i_croc_soc/i_croc/i_core_wrap/i_mx/i___232_i_12_n_0
    SLICE_X46Y26         CARRY4 (Prop_carry4_CI_CO[3])
                                                      0.100    19.079 r  i_croc_soc/i_croc/i_core_wrap/i_mx/i___232_i_13/CO[3]
                         net (fo=1, routed)           0.000    19.079    i_croc_soc/i_croc/i_core_wrap/i_mx/i___232_i_13_n_0
    SLICE_X46Y27         CARRY4 (Prop_carry4_CI_CO[3])
                                                      0.100    19.179 r  i_croc_soc/i_croc/i_core_wrap/i_mx/i___232_i_30/CO[3]
                         net (fo=1, routed)           0.000    19.179    i_croc_soc/i_croc/i_core_wrap/i_mx/i___232_i_30_n_0
    SLICE_X46Y28         CARRY4 (Prop_carry4_CI_CO[3])
                                                      0.100    19.279 r  i_croc_soc/i_croc/i_core_wrap/i_mx/i___232_i_14/CO[3]
                         net (fo=1, routed)           0.000    19.279    i_croc_soc/i_croc/i_core_wrap/i_mx/i___232_i_14_n_0
    SLICE_X46Y29         CARRY4 (Prop_carry4_CI_CO[3])
                                                      0.100    19.379 r  i_croc_soc/i_croc/i_core_wrap/i_mx/i___232_i_17/CO[3]
                         net (fo=1, routed)           0.000    19.379    i_croc_soc/i_croc/i_core_wrap/i_mx/i___232_i_17_n_0
    SLICE_X46Y30         CARRY4 (Prop_carry4_CI_O[0])
                                                      0.178    19.557 r  i_croc_soc/i_croc/i_core_wrap/i_mx/i___232_i_15/O[0]
                         net (fo=1, routed)           0.517    20.075    i_croc_soc/i_croc/i_core_wrap/i_mx/i_alu/i___232_i_2_2[0]
    SLICE_X47Y30         LUT4 (Prop_lut4_I1_O)        0.238    20.313 r  i_croc_soc/i_croc/i_core_wrap/i_mx/i_alu/i___232_i_18/O
                         net (fo=1, routed)           0.343    20.655    i_croc_soc/i_croc/i_core_wrap/i_mx/i_alu/i___232_i_18_n_0
    SLICE_X47Y30         LUT5 (Prop_lut5_I4_O)        0.105    20.760 r  i_croc_soc/i_croc/i_core_wrap/i_mx/i_alu/i___232_i_6/O
                         net (fo=1, routed)           0.461    21.221    i_croc_soc/i_croc/i_core_wrap/i_mx/i_alu/i___232_i_6_n_0
    SLICE_X44Y27         LUT3 (Prop_lut3_I1_O)        0.105    21.326 r  i_croc_soc/i_croc/i_core_wrap/i_mx/i_alu/i___232_i_2/O
                         net (fo=4, routed)           0.410    21.737    i_croc_soc/i_croc/i_core_wrap/i_mx/i_alu/i___232_i_7_0
    SLICE_X44Y24         LUT6 (Prop_lut6_I2_O)        0.105    21.842 r  i_croc_soc/i_croc/i_core_wrap/i_mx/i_alu/i___85_i_72/O
                         net (fo=1, routed)           0.358    22.200    i_croc_soc/i_croc/i_core_wrap/i_mx/i_alu/i___85_i_72_n_0
    SLICE_X43Y22         LUT6 (Prop_lut6_I2_O)        0.105    22.305 r  i_croc_soc/i_croc/i_core_wrap/i_mx/i_alu/i___85_i_51/O
                         net (fo=3, routed)           0.000    22.305    i_croc_soc/i_croc/i_core_wrap/i_mx/i___85_i_22_n_0
    SLICE_X43Y22         CARRY4 (Prop_carry4_S[1]_CO[3])
                                                      0.457    22.762 r  i_croc_soc/i_croc/i_core_wrap/i_mx/i___85_i_6/CO[3]
                         net (fo=1, routed)           0.000    22.762    i_croc_soc/i_croc/i_core_wrap/i_mx/i___85_i_6_n_0
    SLICE_X43Y23         CARRY4 (Prop_carry4_CI_CO[3])
                                                      0.098    22.860 r  i_croc_soc/i_croc/i_core_wrap/i_mx/i___345_i_111/CO[3]
                         net (fo=1, routed)           0.000    22.860    i_croc_soc/i_croc/i_core_wrap/i_mx/i___345_i_111_n_0
    SLICE_X43Y24         CARRY4 (Prop_carry4_CI_O[1])
                                                      0.265    23.125 f  i_croc_soc/i_croc/i_core_wrap/i_mx/i___117_i_79/O[1]
                         net (fo=1, routed)           0.661    23.786    i_croc_soc/i_croc/i_core_wrap/i_mx/i_alu/fp8_to_fixed161__1[9]
    SLICE_X42Y24         LUT4 (Prop_lut4_I1_O)        0.260    24.046 r  i_croc_soc/i_croc/i_core_wrap/i_mx/i_alu/i___115_i_148/O
                         net (fo=1, routed)           0.359    24.405    i_croc_soc/i_croc/i_core_wrap/i_mx/i_alu/i___115_i_148_n_0
    SLICE_X42Y24         LUT6 (Prop_lut6_I0_O)        0.264    24.669 r  i_croc_soc/i_croc/i_core_wrap/i_mx/i_alu/i___115_i_81/O
                         net (fo=3, routed)           0.947    25.616    i_croc_soc/i_croc/i_core_wrap/i_mx/i_alu/i___115_i_81_n_0
    SLICE_X36Y23         LUT5 (Prop_lut5_I0_O)        0.119    25.735 r  i_croc_soc/i_croc/i_core_wrap/i_mx/i_alu/i___115_i_90/O
                         net (fo=2, routed)           0.586    26.321    i_croc_soc/i_croc/i_core_wrap/i_mx/i_alu/i___115_i_90_n_0
    SLICE_X35Y22         LUT6 (Prop_lut6_I2_O)        0.267    26.588 r  i_croc_soc/i_croc/i_core_wrap/i_mx/i_alu/i___115_i_36/O
                         net (fo=1, routed)           0.000    26.588    i_croc_soc/i_croc/i_core_wrap/i_mx/i_alu/i___115_i_36_n_0
    SLICE_X35Y22         CARRY4 (Prop_carry4_S[2]_CO[3])
                                                      0.332    26.920 r  i_croc_soc/i_croc/i_core_wrap/i_mx/i_alu/i___115_i_11/CO[3]
                         net (fo=1, routed)           0.000    26.920    i_croc_soc/i_croc/i_core_wrap/i_mx/i_alu/i___115_i_11_n_0
    SLICE_X35Y23         CARRY4 (Prop_carry4_CI_CO[3])
                                                      0.098    27.018 r  i_croc_soc/i_croc/i_core_wrap/i_mx/i_alu/i___117_i_7/CO[3]
                         net (fo=1, routed)           0.000    27.018    i_croc_soc/i_croc/i_core_wrap/i_mx/i_alu/i___117_i_7_n_0
    SLICE_X35Y24         CARRY4 (Prop_carry4_CI_O[0])
                                                      0.180    27.198 f  i_croc_soc/i_croc/i_core_wrap/i_mx/i_alu/i___343_i_3/O[0]
                         net (fo=1, routed)           1.146    28.345    i_croc_soc/i_croc/i_core_wrap/i_mx/i_alu/fp8_dot[16]
    SLICE_X12Y45         LUT6 (Prop_lut6_I4_O)        0.249    28.594 f  i_croc_soc/i_croc/i_core_wrap/i_mx/i_alu/i___352_i_22/O
                         net (fo=10, routed)          0.824    29.418    i_croc_soc/i_croc/i_core_wrap/i_mx/i_alu/i___352_i_22_n_0
    SLICE_X11Y49         LUT6 (Prop_lut6_I0_O)        0.105    29.523 r  i_croc_soc/i_croc/i_core_wrap/i_mx/i_alu/i___116_i_9/O
                         net (fo=2, routed)           0.587    30.110    i_croc_soc/i_croc/i_core_wrap/i_mx/i_alu/i___116_i_9_n_0
    SLICE_X11Y50         LUT4 (Prop_lut4_I0_O)        0.108    30.218 r  i_croc_soc/i_croc/i_core_wrap/i_mx/i_alu/i___351_i_14/O
                         net (fo=4, routed)           0.925    31.143    i_croc_soc/i_croc/i_core_wrap/i_mx/i_alu/i___351_i_14_n_0
    SLICE_X12Y54         LUT6 (Prop_lut6_I1_O)        0.267    31.410 f  i_croc_soc/i_croc/i_core_wrap/i_mx/i_alu/i___351_i_13/O
                         net (fo=2, routed)           0.355    31.765    i_croc_soc/i_croc/i_core_wrap/i_mx/i_alu/i___351_i_13_n_0
    SLICE_X13Y54         LUT2 (Prop_lut2_I1_O)        0.105    31.870 r  i_croc_soc/i_croc/i_core_wrap/i_mx/i_alu/i___112_i_33/O
                         net (fo=1, routed)           0.000    31.870    i_croc_soc/i_croc/i_core_wrap/i_mx/i_alu/i___112_i_33_n_0
    SLICE_X13Y54         CARRY4 (Prop_carry4_S[0]_CO[3])
                                                      0.440    32.310 r  i_croc_soc/i_croc/i_core_wrap/i_mx/i_alu/i___112_i_15/CO[3]
                         net (fo=1, routed)           0.806    33.116    i_croc_soc/i_croc/i_core_wrap/i_mx/i_alu/se_scaled_dot3382_in
    SLICE_X14Y48         LUT6 (Prop_lut6_I5_O)        0.105    33.221 r  i_croc_soc/i_croc/i_core_wrap/i_mx/i_alu/i___112_i_7/O
                         net (fo=1, routed)           0.255    33.476    i_croc_soc/i_croc/i_core_wrap/i_mx/i_alu/i___112_i_7_n_0
    SLICE_X15Y48         LUT6 (Prop_lut6_I5_O)        0.105    33.581 f  i_croc_soc/i_croc/i_core_wrap/i_mx/i_alu/i___112_i_1/O
                         net (fo=20, routed)          0.562    34.143    i_croc_soc/i_croc/i_core_wrap/i_mx/i_alu/se_a_q_reg[7]_3
    SLICE_X15Y50         LUT3 (Prop_lut3_I2_O)        0.126    34.269 r  i_croc_soc/i_croc/i_core_wrap/i_mx/i_alu/i___119_i_2/O
                         net (fo=13, routed)          0.803    35.073    i_croc_soc/i_croc/i_core_wrap/i_mx/i_alu/i___119_i_2_n_0
    SLICE_X13Y47         LUT6 (Prop_lut6_I0_O)        0.267    35.340 r  i_croc_soc/i_croc/i_core_wrap/i_mx/i_alu/i___153_i_9/O
                         net (fo=3, routed)           0.728    36.068    i_croc_soc/i_croc/i_core_wrap/i_mx/i_alu/se_scaled_dot[4]
    SLICE_X32Y48         LUT2 (Prop_lut2_I0_O)        0.105    36.173 r  i_croc_soc/i_croc/i_core_wrap/i_mx/i_alu/i___153_i_13/O
                         net (fo=1, routed)           0.000    36.173    i_croc_soc/i_croc/i_core_wrap/i_mx/i_alu/i___153_i_13_n_0
    SLICE_X32Y48         CARRY4 (Prop_carry4_S[0]_CO[3])
                                                      0.440    36.613 r  i_croc_soc/i_croc/i_core_wrap/i_mx/i_alu/i___153_i_2/CO[3]
                         net (fo=1, routed)           0.000    36.613    i_croc_soc/i_croc/i_core_wrap/i_mx/i_alu/i___153_i_2_n_0
    SLICE_X32Y49         CARRY4 (Prop_carry4_CI_CO[3])
                                                      0.098    36.711 r  i_croc_soc/i_croc/i_core_wrap/i_mx/i_alu/mac_acc_q_reg[11]_i_2/CO[3]
                         net (fo=1, routed)           0.001    36.712    i_croc_soc/i_croc/i_core_wrap/i_mx/i_alu/mac_acc_q_reg[11]_i_2_n_0
    SLICE_X32Y50         CARRY4 (Prop_carry4_CI_CO[3])
                                                      0.098    36.810 r  i_croc_soc/i_croc/i_core_wrap/i_mx/i_alu/mac_acc_q_reg[15]_i_2/CO[3]
                         net (fo=1, routed)           0.000    36.810    i_croc_soc/i_croc/i_core_wrap/i_mx/i_alu/mac_acc_q_reg[15]_i_2_n_0
    SLICE_X32Y51         CARRY4 (Prop_carry4_CI_CO[3])
                                                      0.098    36.908 r  i_croc_soc/i_croc/i_core_wrap/i_mx/i_alu/i___352_i_1/CO[3]
                         net (fo=1, routed)           0.000    36.908    i_croc_soc/i_croc/i_core_wrap/i_mx/i_alu/i___352_i_1_n_0
    SLICE_X32Y52         CARRY4 (Prop_carry4_CI_CO[3])
                                                      0.098    37.006 r  i_croc_soc/i_croc/i_core_wrap/i_mx/i_alu/mac_acc_q_reg[23]_i_2/CO[3]
                         net (fo=1, routed)           0.000    37.006    i_croc_soc/i_croc/i_core_wrap/i_mx/i_alu/mac_acc_q_reg[23]_i_2_n_0
    SLICE_X32Y53         CARRY4 (Prop_carry4_CI_CO[3])
                                                      0.098    37.104 r  i_croc_soc/i_croc/i_core_wrap/i_mx/i_alu/i___351_i_1/CO[3]
                         net (fo=1, routed)           0.000    37.104    i_croc_soc/i_croc/i_core_wrap/i_mx/i_alu/i___351_i_1_n_0
    SLICE_X32Y54         CARRY4 (Prop_carry4_CI_O[3])
                                                      0.260    37.364 f  i_croc_soc/i_croc/i_core_wrap/i_mx/i_alu/i___349_i_3/O[3]
                         net (fo=6, routed)           0.596    37.960    i_croc_soc/i_croc/i_core_wrap/i_mx/i_alu/mac_acc_q_reg[31]_0[3]
    SLICE_X33Y54         LUT2 (Prop_lut2_I1_O)        0.257    38.217 r  i_croc_soc/i_croc/i_core_wrap/i_mx/i_alu/i___349_i_5/O
                         net (fo=1, routed)           0.000    38.217    i_croc_soc/i_croc/i_core_wrap/i_mx/i_alu/i___349_i_5_n_0
    SLICE_X33Y54         CARRY4 (Prop_carry4_S[0]_CO[1])
                                                      0.380    38.597 r  i_croc_soc/i_croc/i_core_wrap/i_mx/i_alu/i___349_i_1/CO[1]
                         net (fo=58, routed)          0.747    39.343    i_croc_soc/i_croc/i_core_wrap/i_mx/mac_result_linear10_in
    SLICE_X37Y49         LUT6 (Prop_lut6_I5_O)        0.275    39.618 f  i_croc_soc/i_croc/i_core_wrap/i_mx/g_rf_flops[31].rf_reg_q[31][9]_i_41/O
                         net (fo=1, routed)           0.116    39.734    i_croc_soc/i_croc/i_core_wrap/i_mx/g_rf_flops[31].rf_reg_q[31][9]_i_41_n_0
    SLICE_X37Y49         LUT4 (Prop_lut4_I0_O)        0.105    39.839 r  i_croc_soc/i_croc/i_core_wrap/i_mx/g_rf_flops[31].rf_reg_q[31][9]_i_28/O
                         net (fo=1, routed)           0.350    40.189    i_croc_soc/i_croc/i_core_wrap/i_mx/g_rf_flops[31].rf_reg_q[31][9]_i_28_n_0
    SLICE_X42Y49         LUT6 (Prop_lut6_I5_O)        0.105    40.294 f  i_croc_soc/i_croc/i_core_wrap/i_mx/g_rf_flops[31].rf_reg_q[31][9]_i_17/O
                         net (fo=1, routed)           0.000    40.294    i_croc_soc/i_croc/i_core_wrap/i_mx/i_alu/g_rf_flops[31].rf_reg_q[31][9]_i_10_0
    SLICE_X42Y49         MUXF7 (Prop_muxf7_I0_O)      0.173    40.467 f  i_croc_soc/i_croc/i_core_wrap/i_mx/i_alu/g_rf_flops[31].rf_reg_q_reg[31][9]_i_13/O
                         net (fo=1, routed)           0.515    40.982    i_croc_soc/i_croc/i_core_wrap/i_mx/i_alu/g_rf_flops[31].rf_reg_q_reg[31][9]_i_13_n_0
    SLICE_X28Y49         LUT6 (Prop_lut6_I0_O)        0.241    41.223 r  i_croc_soc/i_croc/i_core_wrap/i_mx/i_alu/g_rf_flops[31].rf_reg_q[31][9]_i_10/O
                         net (fo=1, routed)           0.976    42.199    i_croc_soc/i_croc/i_core_wrap/i_ibex/if_stage_i/x_result[data][9]
    SLICE_X34Y64         LUT2 (Prop_lut2_I1_O)        0.125    42.324 r  i_croc_soc/i_croc/i_core_wrap/i_ibex/if_stage_i/g_rf_flops[31].rf_reg_q[31][9]_i_4/O
                         net (fo=1, routed)           0.415    42.739    i_croc_soc/i_croc/i_core_wrap/i_ibex/if_stage_i/g_rf_flops[31].rf_reg_q[31][9]_i_4_n_0
    SLICE_X34Y72         LUT6 (Prop_lut6_I3_O)        0.264    43.003 r  i_croc_soc/i_croc/i_core_wrap/i_ibex/if_stage_i/g_rf_flops[31].rf_reg_q[31][9]_i_1/O
                         net (fo=31, routed)          1.599    44.602    i_croc_soc/i_croc/i_core_wrap/i_ibex/register_file_i/wdata_a_i[9]
    SLICE_X65Y58         FDCE                                         r  i_croc_soc/i_croc/i_core_wrap/i_ibex/register_file_i/g_rf_flops[22].rf_reg_q_reg[22][9]/D
  -------------------------------------------------------------------    -------------------

                         (clock tio_clkin rise edge)
                                                     50.000    50.000 r  
    N14                                               0.000    50.000 r  tio_clkin (IN)
                         net (fo=0)                   0.000    50.000    tio_clkin
    N14                  IBUF (Prop_ibuf_I_O)         1.381    51.381 r  tio_clkin_IBUF_inst/O
                         net (fo=1, routed)           1.604    52.985    tio_clkin_IBUF
    BUFGCTRL_X0Y0        BUFGCTRL (Prop_bufgctrl_I1_O)
                                                      0.077    53.062 r  i_clk_mux/O
                         net (fo=4093, routed)        1.316    54.378    i_croc_soc/i_croc/i_core_wrap/i_ibex/register_file_i/soc_clk
    SLICE_X65Y58         FDCE                                         r  i_croc_soc/i_croc/i_core_wrap/i_ibex/register_file_i/g_rf_flops[22].rf_reg_q_reg[22][9]/C
                         clock pessimism              0.225    54.604    
                         clock uncertainty           -0.035    54.568    
    SLICE_X65Y58         FDCE (Setup_fdce_C_D)       -0.047    54.521    i_croc_soc/i_croc/i_core_wrap/i_ibex/register_file_i/g_rf_flops[22].rf_reg_q_reg[22][9]
  -------------------------------------------------------------------
                         required time                         54.521    
                         arrival time                         -44.602    
  -------------------------------------------------------------------
                         slack                                  9.919    





Min Delay Paths
--------------------------------------------------------------------------------------
Slack (MET) :             0.104ns  (arrival time - required time)
  Source:                 i_croc_soc/i_croc/i_core_wrap/i_ibex/if_stage_i/prefetch_buffer_i/fetch_addr_q_reg[21]/C
                            (rising edge-triggered cell FDCE clocked by tio_clkin  {rise@0.000ns fall@25.000ns period=50.000ns})
  Destination:            i_croc_soc/i_croc/i_core_wrap/i_ibex/if_stage_i/prefetch_buffer_i/fetch_addr_q_reg[25]/D
                            (rising edge-triggered cell FDCE clocked by tio_clkin  {rise@0.000ns fall@25.000ns period=50.000ns})
  Path Group:             tio_clkin
  Path Type:              Hold (Min at Fast Process Corner)
  Requirement:            0.000ns  (tio_clkin rise@0.000ns - tio_clkin rise@0.000ns)
  Data Path Delay:        0.560ns  (logic 0.392ns (70.035%)  route 0.168ns (29.965%))
  Logic Levels:           3  (CARRY4=2 LUT3=1)
  Clock Path Skew:        0.350ns (DCD - SCD - CPR)
    Destination Clock Delay (DCD):    2.107ns
    Source Clock Delay      (SCD):    1.506ns
    Clock Pessimism Removal (CPR):    0.251ns

    Location             Delay type                Incr(ns)  Path(ns)    Netlist Resource(s)
  -------------------------------------------------------------------    -------------------
                         (clock tio_clkin rise edge)
                                                      0.000     0.000 r  
    N14                                               0.000     0.000 r  tio_clkin (IN)
                         net (fo=0)                   0.000     0.000    tio_clkin
    N14                  IBUF (Prop_ibuf_I_O)         0.284     0.284 r  tio_clkin_IBUF_inst/O
                         net (fo=1, routed)           0.634     0.918    tio_clkin_IBUF
    BUFGCTRL_X0Y0        BUFGCTRL (Prop_bufgctrl_I1_O)
                                                      0.026     0.944 r  i_clk_mux/O
                         net (fo=4093, routed)        0.562     1.506    i_croc_soc/i_croc/i_core_wrap/i_ibex/if_stage_i/prefetch_buffer_i/soc_clk
    SLICE_X39Y99         FDCE                                         r  i_croc_soc/i_croc/i_core_wrap/i_ibex/if_stage_i/prefetch_buffer_i/fetch_addr_q_reg[21]/C
  -------------------------------------------------------------------    -------------------
    SLICE_X39Y99         FDCE (Prop_fdce_C_Q)         0.141     1.647 r  i_croc_soc/i_croc/i_core_wrap/i_ibex/if_stage_i/prefetch_buffer_i/fetch_addr_q_reg[21]/Q
                         net (fo=2, routed)           0.167     1.814    i_croc_soc/i_croc/i_core_wrap/i_ibex/id_stage_i/controller_i/Q[19]
    SLICE_X39Y99         LUT3 (Prop_lut3_I2_O)        0.045     1.859 r  i_croc_soc/i_croc/i_core_wrap/i_ibex/id_stage_i/controller_i/fetch_addr_q[24]_i_5/O
                         net (fo=1, routed)           0.000     1.859    i_croc_soc/i_croc/i_core_wrap/i_ibex/id_stage_i/controller_i/fetch_addr_q[24]_i_5_n_0
    SLICE_X39Y99         CARRY4 (Prop_carry4_S[0]_CO[3])
                                                      0.152     2.011 r  i_croc_soc/i_croc/i_core_wrap/i_ibex/id_stage_i/controller_i/fetch_addr_q_reg[24]_i_1/CO[3]
                         net (fo=1, routed)           0.001     2.012    i_croc_soc/i_croc/i_core_wrap/i_ibex/id_stage_i/controller_i/fetch_addr_q_reg[24]_i_1_n_0
    SLICE_X39Y100        CARRY4 (Prop_carry4_CI_O[0])
                                                      0.054     2.066 r  i_croc_soc/i_croc/i_core_wrap/i_ibex/id_stage_i/controller_i/fetch_addr_q_reg[28]_i_1/O[0]
                         net (fo=1, routed)           0.000     2.066    i_croc_soc/i_croc/i_core_wrap/i_ibex/if_stage_i/prefetch_buffer_i/fetch_addr_q_reg[31]_1[23]
    SLICE_X39Y100        FDCE                                         r  i_croc_soc/i_croc/i_core_wrap/i_ibex/if_stage_i/prefetch_buffer_i/fetch_addr_q_reg[25]/D
  -------------------------------------------------------------------    -------------------

                         (clock tio_clkin rise edge)
                                                      0.000     0.000 r  
    N14                                               0.000     0.000 r  tio_clkin (IN)
                         net (fo=0)                   0.000     0.000    tio_clkin
    N14                  IBUF (Prop_ibuf_I_O)         0.472     0.472 r  tio_clkin_IBUF_inst/O
                         net (fo=1, routed)           0.689     1.161    tio_clkin_IBUF
    BUFGCTRL_X0Y0        BUFGCTRL (Prop_bufgctrl_I1_O)
                                                      0.029     1.190 r  i_clk_mux/O
                         net (fo=4093, routed)        0.917     2.107    i_croc_soc/i_croc/i_core_wrap/i_ibex/if_stage_i/prefetch_buffer_i/soc_clk
    SLICE_X39Y100        FDCE                                         r  i_croc_soc/i_croc/i_core_wrap/i_ibex/if_stage_i/prefetch_buffer_i/fetch_addr_q_reg[25]/C
                         clock pessimism             -0.251     1.856    
    SLICE_X39Y100        FDCE (Hold_fdce_C_D)         0.105     1.961    i_croc_soc/i_croc/i_core_wrap/i_ibex/if_stage_i/prefetch_buffer_i/fetch_addr_q_reg[25]
  -------------------------------------------------------------------
                         required time                         -1.961    
                         arrival time                           2.066    
  -------------------------------------------------------------------
                         slack                                  0.104    





Pulse Width Checks
--------------------------------------------------------------------------------------
Clock Name:         tio_clkin
Waveform(ns):       { 0.000 25.000 }
Period(ns):         50.000
Sources:            { tio_clkin }

Check Type        Corner  Lib Pin             Reference Pin  Required(ns)  Actual(ns)  Slack(ns)  Location       Pin
Min Period        n/a     RAMB36E1/CLKARDCLK  n/a            2.170         50.000      47.830     RAMB36_X0Y21   i_croc_soc/i_croc/gen_sram_bank[0].i_sram/i_tc_sram/gen_1_ports.i_xpm_memory_spram/xpm_memory_base_inst/gen_wr_a.gen_byte_narrow.for_mem_cols[1].mem_reg/CLKARDCLK
Low Pulse Width   Fast    FDCE/C              n/a            0.500         25.000      24.500     SLICE_X23Y113  i_croc_soc/i_croc/i_clint/mtimecmp_q_reg[15]/C
High Pulse Width  Slow    FDCE/C              n/a            0.500         25.000      24.500     SLICE_X6Y100   i_croc_soc/i_croc/i_gpio/gen_gpios[1].i_sync/reg_q_reg[0]/C



---------------------------------------------------------------------------------------------------
From Clock:  usb_clk
  To Clock:  usb_clk

Setup :            0  Failing Endpoints,  Worst Slack        2.348ns,  Total Violation        0.000ns
Hold  :            0  Failing Endpoints,  Worst Slack        0.120ns,  Total Violation        0.000ns
PW    :            0  Failing Endpoints,  Worst Slack        4.500ns,  Total Violation        0.000ns
---------------------------------------------------------------------------------------------------


Max Delay Paths
--------------------------------------------------------------------------------------
Slack (MET) :             2.348ns  (required time - arrival time)
  Source:                 i_usb_reg_fe/usb_addr_r_reg[1]/C
                            (rising edge-triggered cell FDRE clocked by usb_clk  {rise@0.000ns fall@5.000ns period=10.000ns})
  Destination:            read_data_r_reg[3]/D
                            (rising edge-triggered cell FDRE clocked by usb_clk  {rise@0.000ns fall@5.000ns period=10.000ns})
  Path Group:             usb_clk
  Path Type:              Setup (Max at Slow Process Corner)
  Requirement:            10.000ns  (usb_clk rise@10.000ns - usb_clk rise@0.000ns)
  Data Path Delay:        7.479ns  (logic 0.748ns (10.002%)  route 6.731ns (89.998%))
  Logic Levels:           3  (LUT6=3)
  Clock Path Skew:        -0.170ns (DCD - SCD + CPR)
    Destination Clock Delay (DCD):    4.263ns = ( 14.263 - 10.000 ) 
    Source Clock Delay      (SCD):    4.599ns
    Clock Pessimism Removal (CPR):    0.166ns
  Clock Uncertainty:      0.035ns  ((TSJ^2 + TIJ^2)^1/2 + DJ) / 2 + PE
    Total System Jitter     (TSJ):    0.071ns
    Total Input Jitter      (TIJ):    0.000ns
    Discrete Jitter          (DJ):    0.000ns
    Phase Error              (PE):    0.000ns

    Location             Delay type                Incr(ns)  Path(ns)    Netlist Resource(s)
  -------------------------------------------------------------------    -------------------
                         (clock usb_clk rise edge)    0.000     0.000 r  
    F5                                                0.000     0.000 r  usb_clk (IN)
                         net (fo=0)                   0.000     0.000    usb_clk
    F5                   IBUF (Prop_ibuf_I_O)         1.417     1.417 r  usb_clk_IBUF_inst/O
                         net (fo=1, routed)           1.689     3.105    usb_clk_IBUF
    BUFGCTRL_X0Y16       BUFG (Prop_bufg_I_O)         0.081     3.186 r  i_usb_clk_buf/O
                         net (fo=384, routed)         1.412     4.599    i_usb_reg_fe/usb_clk_buf
    SLICE_X64Y69         FDRE                                         r  i_usb_reg_fe/usb_addr_r_reg[1]/C
  -------------------------------------------------------------------    -------------------
    SLICE_X64Y69         FDRE (Prop_fdre_C_Q)         0.433     5.032 r  i_usb_reg_fe/usb_addr_r_reg[1]/Q
                         net (fo=50, routed)          4.444     9.476    i_usb_reg_fe/usb_addr_r_reg_n_0_[1]
    SLICE_X17Y106        LUT6 (Prop_lut6_I3_O)        0.105     9.581 r  i_usb_reg_fe/read_data_r[3]_i_5/O
                         net (fo=1, routed)           1.522    11.102    i_usb_reg_fe/data0[3]
    SLICE_X28Y73         LUT6 (Prop_lut6_I5_O)        0.105    11.207 r  i_usb_reg_fe/read_data_r[3]_i_2/O
                         net (fo=1, routed)           0.765    11.972    i_usb_reg_fe/read_data_r[3]_i_2_n_0
    SLICE_X33Y66         LUT6 (Prop_lut6_I0_O)        0.105    12.077 r  i_usb_reg_fe/read_data_r[3]_i_1/O
                         net (fo=1, routed)           0.000    12.077    i_usb_reg_fe_n_4
    SLICE_X33Y66         FDRE                                         r  read_data_r_reg[3]/D
  -------------------------------------------------------------------    -------------------

                         (clock usb_clk rise edge)   10.000    10.000 r  
    F5                                                0.000    10.000 r  usb_clk (IN)
                         net (fo=0)                   0.000    10.000    usb_clk
    F5                   IBUF (Prop_ibuf_I_O)         1.351    11.351 r  usb_clk_IBUF_inst/O
                         net (fo=1, routed)           1.599    12.950    usb_clk_IBUF
    BUFGCTRL_X0Y16       BUFG (Prop_bufg_I_O)         0.077    13.027 r  i_usb_clk_buf/O
                         net (fo=384, routed)         1.236    14.263    usb_clk_buf
    SLICE_X33Y66         FDRE                                         r  read_data_r_reg[3]/C
                         clock pessimism              0.166    14.428    
                         clock uncertainty           -0.035    14.393    
    SLICE_X33Y66         FDRE (Setup_fdre_C_D)        0.032    14.425    read_data_r_reg[3]
  -------------------------------------------------------------------
                         required time                         14.425    
                         arrival time                         -12.077    
  -------------------------------------------------------------------
                         slack                                  2.348    





Min Delay Paths
--------------------------------------------------------------------------------------
Slack (MET) :             0.120ns  (arrival time - required time)
  Source:                 live_rs2_s1_reg[27]/C
                            (rising edge-triggered cell FDRE clocked by usb_clk  {rise@0.000ns fall@5.000ns period=10.000ns})
  Destination:            live_rs2_s2_reg[27]/D
                            (rising edge-triggered cell FDRE clocked by usb_clk  {rise@0.000ns fall@5.000ns period=10.000ns})
  Path Group:             usb_clk
  Path Type:              Hold (Min at Fast Process Corner)
  Requirement:            0.000ns  (usb_clk rise@0.000ns - usb_clk rise@0.000ns)
  Data Path Delay:        0.196ns  (logic 0.141ns (71.838%)  route 0.055ns (28.162%))
  Logic Levels:           0  
  Clock Path Skew:        0.000ns (DCD - SCD - CPR)
    Destination Clock Delay (DCD):    1.977ns
    Source Clock Delay      (SCD):    1.465ns
    Clock Pessimism Removal (CPR):    0.512ns

    Location             Delay type                Incr(ns)  Path(ns)    Netlist Resource(s)
  -------------------------------------------------------------------    -------------------
                         (clock usb_clk rise edge)    0.000     0.000 r  
    F5                                                0.000     0.000 r  usb_clk (IN)
                         net (fo=0)                   0.000     0.000    usb_clk
    F5                   IBUF (Prop_ibuf_I_O)         0.253     0.253 r  usb_clk_IBUF_inst/O
                         net (fo=1, routed)           0.631     0.884    usb_clk_IBUF
    BUFGCTRL_X0Y16       BUFG (Prop_bufg_I_O)         0.026     0.910 r  i_usb_clk_buf/O
                         net (fo=384, routed)         0.555     1.465    usb_clk_buf
    SLICE_X33Y64         FDRE                                         r  live_rs2_s1_reg[27]/C
  -------------------------------------------------------------------    -------------------
    SLICE_X33Y64         FDRE (Prop_fdre_C_Q)         0.141     1.606 r  live_rs2_s1_reg[27]/Q
                         net (fo=1, routed)           0.055     1.661    live_rs2_s1[27]
    SLICE_X33Y64         FDRE                                         r  live_rs2_s2_reg[27]/D
  -------------------------------------------------------------------    -------------------

                         (clock usb_clk rise edge)    0.000     0.000 r  
    F5                                                0.000     0.000 r  usb_clk (IN)
                         net (fo=0)                   0.000     0.000    usb_clk
    F5                   IBUF (Prop_ibuf_I_O)         0.441     0.441 r  usb_clk_IBUF_inst/O
                         net (fo=1, routed)           0.685     1.126    usb_clk_IBUF
    BUFGCTRL_X0Y16       BUFG (Prop_bufg_I_O)         0.029     1.155 r  i_usb_clk_buf/O
                         net (fo=384, routed)         0.822     1.977    usb_clk_buf
    SLICE_X33Y64         FDRE                                         r  live_rs2_s2_reg[27]/C
                         clock pessimism             -0.512     1.465    
    SLICE_X33Y64         FDRE (Hold_fdre_C_D)         0.076     1.541    live_rs2_s2_reg[27]
  -------------------------------------------------------------------
                         required time                         -1.541    
                         arrival time                           1.661    
  -------------------------------------------------------------------
                         slack                                  0.120    





Pulse Width Checks
--------------------------------------------------------------------------------------
Clock Name:         usb_clk
Waveform(ns):       { 0.000 5.000 }
Period(ns):         10.000
Sources:            { usb_clk }

Check Type        Corner  Lib Pin  Reference Pin  Required(ns)  Actual(ns)  Slack(ns)  Location        Pin
Min Period        n/a     BUFG/I   n/a            1.592         10.000      8.408      BUFGCTRL_X0Y16  i_usb_clk_buf/I
Low Pulse Width   Slow    FDRE/C   n/a            0.500         5.000       4.500      SLICE_X35Y60    live_ctrl_s1_reg[20]/C
High Pulse Width  Slow    FDRE/C   n/a            0.500         5.000       4.500      SLICE_X16Y102   cs_s1_reg[10]/C



---------------------------------------------------------------------------------------------------
Path Group:  **async_default**
From Clock:  pll_clk1
  To Clock:  pll_clk1

Setup :            0  Failing Endpoints,  Worst Slack       35.460ns,  Total Violation        0.000ns
Hold  :            0  Failing Endpoints,  Worst Slack        0.785ns,  Total Violation        0.000ns
---------------------------------------------------------------------------------------------------


Max Delay Paths
--------------------------------------------------------------------------------------
Slack (MET) :             35.460ns  (required time - arrival time)
  Source:                 i_croc_soc/i_rstgen/i_rstgen_bypass/synch_regs_q_reg[3]/C
                            (rising edge-triggered cell FDCE clocked by pll_clk1  {rise@0.000ns fall@25.000ns period=50.000ns})
  Destination:            i_croc_soc/i_croc/i_core_wrap/i_mx/i_scan/shift_q_reg[1]/CLR
                            (recovery check against rising-edge clock pll_clk1  {rise@0.000ns fall@25.000ns period=50.000ns})
  Path Group:             **async_default**
  Path Type:              Recovery (Max at Slow Process Corner)
  Requirement:            50.000ns  (pll_clk1 rise@50.000ns - pll_clk1 rise@0.000ns)
  Data Path Delay:        14.107ns  (logic 0.565ns (4.005%)  route 13.542ns (95.995%))
  Logic Levels:           2  (BUFGCTRL=1 LUT1=1)
  Clock Path Skew:        -0.140ns (DCD - SCD + CPR)
    Destination Clock Delay (DCD):    4.295ns = ( 54.295 - 50.000 ) 
    Source Clock Delay      (SCD):    4.594ns
    Clock Pessimism Removal (CPR):    0.159ns
  Clock Uncertainty:      0.035ns  ((TSJ^2 + TIJ^2)^1/2 + DJ) / 2 + PE
    Total System Jitter     (TSJ):    0.071ns
    Total Input Jitter      (TIJ):    0.000ns
    Discrete Jitter          (DJ):    0.000ns
    Phase Error              (PE):    0.000ns

    Location             Delay type                Incr(ns)  Path(ns)    Netlist Resource(s)
  -------------------------------------------------------------------    -------------------
                         (clock pll_clk1 rise edge)
                                                      0.000     0.000 r  
    N13                                               0.000     0.000 r  pll_clk1 (IN)
                         net (fo=0)                   0.000     0.000    pll_clk1
    N13                  IBUF (Prop_ibuf_I_O)         1.447     1.447 r  pll_clk1_IBUF_inst/O
                         net (fo=1, routed)           1.693     3.140    pll_clk1_IBUF
    BUFGCTRL_X0Y0        BUFGCTRL (Prop_bufgctrl_I0_O)
                                                      0.081     3.221 r  i_clk_mux/O
                         net (fo=4093, routed)        1.373     4.594    i_croc_soc/i_rstgen/i_rstgen_bypass/soc_clk
    SLICE_X15Y46         FDCE                                         r  i_croc_soc/i_rstgen/i_rstgen_bypass/synch_regs_q_reg[3]/C
  -------------------------------------------------------------------    -------------------
    SLICE_X15Y46         FDCE (Prop_fdce_C_Q)         0.379     4.973 r  i_croc_soc/i_rstgen/i_rstgen_bypass/synch_regs_q_reg[3]/Q
                         net (fo=1, routed)           0.822     5.795    i_croc_soc/i_rstgen/i_rstgen_bypass/i_tc_clk_mux2_rst_no/Q[0]
    BUFGCTRL_X0Y2        BUFGCTRL (Prop_bufgctrl_I0_O)
                                                      0.081     5.876 r  i_croc_soc/i_rstgen/i_rstgen_bypass/i_tc_clk_mux2_rst_no/i_BUFGMUX/O
                         net (fo=5, routed)           1.703     7.580    i_croc_soc/i_rstgen/i_rstgen_bypass/i_tc_clk_mux2_rst_no/synced_rst_n_0
    SLICE_X4Y137         LUT1 (Prop_lut1_I0_O)        0.105     7.685 f  i_croc_soc/i_rstgen/i_rstgen_bypass/i_tc_clk_mux2_rst_no/valid_q[2]_i_2/O
                         net (fo=3983, routed)       11.016    18.701    i_croc_soc/i_croc/i_core_wrap/i_mx/i_scan/shift_q_reg[0]_0
    SLICE_X14Y74         FDCE                                         f  i_croc_soc/i_croc/i_core_wrap/i_mx/i_scan/shift_q_reg[1]/CLR
  -------------------------------------------------------------------    -------------------

                         (clock pll_clk1 rise edge)
                                                     50.000    50.000 r  
    N13                                               0.000    50.000 r  pll_clk1 (IN)
                         net (fo=0)                   0.000    50.000    pll_clk1
    N13                  IBUF (Prop_ibuf_I_O)         1.381    51.381 r  pll_clk1_IBUF_inst/O
                         net (fo=1, routed)           1.604    52.985    pll_clk1_IBUF
    BUFGCTRL_X0Y0        BUFGCTRL (Prop_bufgctrl_I0_O)
                                                      0.077    53.062 r  i_clk_mux/O
                         net (fo=4093, routed)        1.233    54.295    i_croc_soc/i_croc/i_core_wrap/i_mx/i_scan/soc_clk
    SLICE_X14Y74         FDCE                                         r  i_croc_soc/i_croc/i_core_wrap/i_mx/i_scan/shift_q_reg[1]/C
                         clock pessimism              0.159    54.454    
                         clock uncertainty           -0.035    54.419    
    SLICE_X14Y74         FDCE (Recov_fdce_C_CLR)     -0.258    54.161    i_croc_soc/i_croc/i_core_wrap/i_mx/i_scan/shift_q_reg[1]
  -------------------------------------------------------------------
                         required time                         54.161    
                         arrival time                         -18.701    
  -------------------------------------------------------------------
                         slack                                 35.460    





Min Delay Paths
--------------------------------------------------------------------------------------
Slack (MET) :             0.785ns  (arrival time - required time)
  Source:                 soft_reset_sync2_reg/C
                            (rising edge-triggered cell FDCE clocked by pll_clk1  {rise@0.000ns fall@25.000ns period=50.000ns})
  Destination:            rst_ff1_reg/CLR
                            (removal check against rising-edge clock pll_clk1  {rise@0.000ns fall@25.000ns period=50.000ns})
  Path Group:             **async_default**
  Path Type:              Removal (Min at Fast Process Corner)
  Requirement:            0.000ns  (pll_clk1 rise@0.000ns - pll_clk1 rise@0.000ns)
  Data Path Delay:        0.712ns  (logic 0.209ns (29.343%)  route 0.503ns (70.657%))
  Logic Levels:           1  (LUT2=1)
  Clock Path Skew:        0.019ns (DCD - SCD - CPR)
    Destination Clock Delay (DCD):    2.054ns
    Source Clock Delay      (SCD):    1.535ns
    Clock Pessimism Removal (CPR):    0.501ns

    Location             Delay type                Incr(ns)  Path(ns)    Netlist Resource(s)
  -------------------------------------------------------------------    -------------------
                         (clock pll_clk1 rise edge)
                                                      0.000     0.000 r  
    N13                                               0.000     0.000 r  pll_clk1 (IN)
                         net (fo=0)                   0.000     0.000    pll_clk1
    N13                  IBUF (Prop_ibuf_I_O)         0.284     0.284 r  pll_clk1_IBUF_inst/O
                         net (fo=1, routed)           0.634     0.918    pll_clk1_IBUF
    BUFGCTRL_X0Y0        BUFGCTRL (Prop_bufgctrl_I0_O)
                                                      0.026     0.944 r  i_clk_mux/O
                         net (fo=4093, routed)        0.591     1.535    soc_clk
    SLICE_X64Y61         FDCE                                         r  soft_reset_sync2_reg/C
  -------------------------------------------------------------------    -------------------
    SLICE_X64Y61         FDCE (Prop_fdce_C_Q)         0.164     1.699 f  soft_reset_sync2_reg/Q
                         net (fo=1, routed)           0.342     2.041    soft_reset_sync2
    SLICE_X64Y51         LUT2 (Prop_lut2_I0_O)        0.045     2.086 f  rst_ff1_i_1/O
                         net (fo=2, routed)           0.161     2.247    rst_ff1_i_1_n_0
    SLICE_X63Y51         FDCE                                         f  rst_ff1_reg/CLR
  -------------------------------------------------------------------    -------------------

                         (clock pll_clk1 rise edge)
                                                      0.000     0.000 r  
    N13                                               0.000     0.000 r  pll_clk1 (IN)
                         net (fo=0)                   0.000     0.000    pll_clk1
    N13                  IBUF (Prop_ibuf_I_O)         0.472     0.472 r  pll_clk1_IBUF_inst/O
                         net (fo=1, routed)           0.689     1.161    pll_clk1_IBUF
    BUFGCTRL_X0Y0        BUFGCTRL (Prop_bufgctrl_I0_O)
                                                      0.029     1.190 r  i_clk_mux/O
                         net (fo=4093, routed)        0.864     2.054    soc_clk
    SLICE_X63Y51         FDCE                                         r  rst_ff1_reg/C
                         clock pessimism             -0.501     1.554    
    SLICE_X63Y51         FDCE (Remov_fdce_C_CLR)     -0.092     1.462    rst_ff1_reg
  -------------------------------------------------------------------
                         required time                         -1.462    
                         arrival time                           2.247    
  -------------------------------------------------------------------
                         slack                                  0.785    





---------------------------------------------------------------------------------------------------
Path Group:  **async_default**
From Clock:  tio_clkin
  To Clock:  tio_clkin

Setup :            0  Failing Endpoints,  Worst Slack       35.460ns,  Total Violation        0.000ns
Hold  :            0  Failing Endpoints,  Worst Slack        0.785ns,  Total Violation        0.000ns
---------------------------------------------------------------------------------------------------


Max Delay Paths
--------------------------------------------------------------------------------------
Slack (MET) :             35.460ns  (required time - arrival time)
  Source:                 i_croc_soc/i_rstgen/i_rstgen_bypass/synch_regs_q_reg[3]/C
                            (rising edge-triggered cell FDCE clocked by tio_clkin  {rise@0.000ns fall@25.000ns period=50.000ns})
  Destination:            i_croc_soc/i_croc/i_core_wrap/i_mx/i_scan/shift_q_reg[1]/CLR
                            (recovery check against rising-edge clock tio_clkin  {rise@0.000ns fall@25.000ns period=50.000ns})
  Path Group:             **async_default**
  Path Type:              Recovery (Max at Slow Process Corner)
  Requirement:            50.000ns  (tio_clkin rise@50.000ns - tio_clkin rise@0.000ns)
  Data Path Delay:        14.107ns  (logic 0.565ns (4.005%)  route 13.542ns (95.995%))
  Logic Levels:           2  (BUFGCTRL=1 LUT1=1)
  Clock Path Skew:        -0.140ns (DCD - SCD + CPR)
    Destination Clock Delay (DCD):    4.295ns = ( 54.295 - 50.000 ) 
    Source Clock Delay      (SCD):    4.594ns
    Clock Pessimism Removal (CPR):    0.159ns
  Clock Uncertainty:      0.035ns  ((TSJ^2 + TIJ^2)^1/2 + DJ) / 2 + PE
    Total System Jitter     (TSJ):    0.071ns
    Total Input Jitter      (TIJ):    0.000ns
    Discrete Jitter          (DJ):    0.000ns
    Phase Error              (PE):    0.000ns

    Location             Delay type                Incr(ns)  Path(ns)    Netlist Resource(s)
  -------------------------------------------------------------------    -------------------
                         (clock tio_clkin rise edge)
                                                      0.000     0.000 r  
    N14                                               0.000     0.000 r  tio_clkin (IN)
                         net (fo=0)                   0.000     0.000    tio_clkin
    N14                  IBUF (Prop_ibuf_I_O)         1.448     1.448 r  tio_clkin_IBUF_inst/O
                         net (fo=1, routed)           1.693     3.140    tio_clkin_IBUF
    BUFGCTRL_X0Y0        BUFGCTRL (Prop_bufgctrl_I1_O)
                                                      0.081     3.221 r  i_clk_mux/O
                         net (fo=4093, routed)        1.373     4.594    i_croc_soc/i_rstgen/i_rstgen_bypass/soc_clk
    SLICE_X15Y46         FDCE                                         r  i_croc_soc/i_rstgen/i_rstgen_bypass/synch_regs_q_reg[3]/C
  -------------------------------------------------------------------    -------------------
    SLICE_X15Y46         FDCE (Prop_fdce_C_Q)         0.379     4.973 r  i_croc_soc/i_rstgen/i_rstgen_bypass/synch_regs_q_reg[3]/Q
                         net (fo=1, routed)           0.822     5.796    i_croc_soc/i_rstgen/i_rstgen_bypass/i_tc_clk_mux2_rst_no/Q[0]
    BUFGCTRL_X0Y2        BUFGCTRL (Prop_bufgctrl_I0_O)
                                                      0.081     5.877 r  i_croc_soc/i_rstgen/i_rstgen_bypass/i_tc_clk_mux2_rst_no/i_BUFGMUX/O
                         net (fo=5, routed)           1.703     7.580    i_croc_soc/i_rstgen/i_rstgen_bypass/i_tc_clk_mux2_rst_no/synced_rst_n_0
    SLICE_X4Y137         LUT1 (Prop_lut1_I0_O)        0.105     7.685 f  i_croc_soc/i_rstgen/i_rstgen_bypass/i_tc_clk_mux2_rst_no/valid_q[2]_i_2/O
                         net (fo=3983, routed)       11.016    18.701    i_croc_soc/i_croc/i_core_wrap/i_mx/i_scan/shift_q_reg[0]_0
    SLICE_X14Y74         FDCE                                         f  i_croc_soc/i_croc/i_core_wrap/i_mx/i_scan/shift_q_reg[1]/CLR
  -------------------------------------------------------------------    -------------------

                         (clock tio_clkin rise edge)
                                                     50.000    50.000 r  
    N14                                               0.000    50.000 r  tio_clkin (IN)
                         net (fo=0)                   0.000    50.000    tio_clkin
    N14                  IBUF (Prop_ibuf_I_O)         1.381    51.381 r  tio_clkin_IBUF_inst/O
                         net (fo=1, routed)           1.604    52.985    tio_clkin_IBUF
    BUFGCTRL_X0Y0        BUFGCTRL (Prop_bufgctrl_I1_O)
                                                      0.077    53.062 r  i_clk_mux/O
                         net (fo=4093, routed)        1.233    54.295    i_croc_soc/i_croc/i_core_wrap/i_mx/i_scan/soc_clk
    SLICE_X14Y74         FDCE                                         r  i_croc_soc/i_croc/i_core_wrap/i_mx/i_scan/shift_q_reg[1]/C
                         clock pessimism              0.159    54.454    
                         clock uncertainty           -0.035    54.419    
    SLICE_X14Y74         FDCE (Recov_fdce_C_CLR)     -0.258    54.161    i_croc_soc/i_croc/i_core_wrap/i_mx/i_scan/shift_q_reg[1]
  -------------------------------------------------------------------
                         required time                         54.161    
                         arrival time                         -18.701    
  -------------------------------------------------------------------
                         slack                                 35.460    





Min Delay Paths
--------------------------------------------------------------------------------------
Slack (MET) :             0.785ns  (arrival time - required time)
  Source:                 soft_reset_sync2_reg/C
                            (rising edge-triggered cell FDCE clocked by tio_clkin  {rise@0.000ns fall@25.000ns period=50.000ns})
  Destination:            rst_ff1_reg/CLR
                            (removal check against rising-edge clock tio_clkin  {rise@0.000ns fall@25.000ns period=50.000ns})
  Path Group:             **async_default**
  Path Type:              Removal (Min at Fast Process Corner)
  Requirement:            0.000ns  (tio_clkin rise@0.000ns - tio_clkin rise@0.000ns)
  Data Path Delay:        0.712ns  (logic 0.209ns (29.343%)  route 0.503ns (70.657%))
  Logic Levels:           1  (LUT2=1)
  Clock Path Skew:        0.019ns (DCD - SCD - CPR)
    Destination Clock Delay (DCD):    2.054ns
    Source Clock Delay      (SCD):    1.535ns
    Clock Pessimism Removal (CPR):    0.501ns

    Location             Delay type                Incr(ns)  Path(ns)    Netlist Resource(s)
  -------------------------------------------------------------------    -------------------
                         (clock tio_clkin rise edge)
                                                      0.000     0.000 r  
    N14                                               0.000     0.000 r  tio_clkin (IN)
                         net (fo=0)                   0.000     0.000    tio_clkin
    N14                  IBUF (Prop_ibuf_I_O)         0.284     0.284 r  tio_clkin_IBUF_inst/O
                         net (fo=1, routed)           0.634     0.918    tio_clkin_IBUF
    BUFGCTRL_X0Y0        BUFGCTRL (Prop_bufgctrl_I1_O)
                                                      0.026     0.944 r  i_clk_mux/O
                         net (fo=4093, routed)        0.591     1.535    soc_clk
    SLICE_X64Y61         FDCE                                         r  soft_reset_sync2_reg/C
  -------------------------------------------------------------------    -------------------
    SLICE_X64Y61         FDCE (Prop_fdce_C_Q)         0.164     1.699 f  soft_reset_sync2_reg/Q
                         net (fo=1, routed)           0.342     2.041    soft_reset_sync2
    SLICE_X64Y51         LUT2 (Prop_lut2_I0_O)        0.045     2.086 f  rst_ff1_i_1/O
                         net (fo=2, routed)           0.161     2.247    rst_ff1_i_1_n_0
    SLICE_X63Y51         FDCE                                         f  rst_ff1_reg/CLR
  -------------------------------------------------------------------    -------------------

                         (clock tio_clkin rise edge)
                                                      0.000     0.000 r  
    N14                                               0.000     0.000 r  tio_clkin (IN)
                         net (fo=0)                   0.000     0.000    tio_clkin
    N14                  IBUF (Prop_ibuf_I_O)         0.472     0.472 r  tio_clkin_IBUF_inst/O
                         net (fo=1, routed)           0.689     1.161    tio_clkin_IBUF
    BUFGCTRL_X0Y0        BUFGCTRL (Prop_bufgctrl_I1_O)
                                                      0.029     1.190 r  i_clk_mux/O
                         net (fo=4093, routed)        0.864     2.054    soc_clk
    SLICE_X63Y51         FDCE                                         r  rst_ff1_reg/C
                         clock pessimism             -0.501     1.554    
    SLICE_X63Y51         FDCE (Remov_fdce_C_CLR)     -0.092     1.462    rst_ff1_reg
  -------------------------------------------------------------------
                         required time                         -1.462    
                         arrival time                           2.247    
  -------------------------------------------------------------------
                         slack                                  0.785    





